日期,股票代码,股票名称,开盘,收盘,最高,最低,成交量,成交额,换手率,涨跌幅,流通股数,流通市值,数据日期
2025-03-21,sz.001382,新亚电缆,36.448145,29.46389235,36.448145,28.2719395,48372245,1526195205.91,80.4334,304.1892,60139501.0,1771943783.4467173,2026-07-14
2025-03-24,sz.001382,新亚电缆,27.58238,28.81373625,30.15345185,26.597295,32955859,941900525.58,54.799,-2.2066,60139526.0,1732844440.3640175,2026-07-14
2025-03-25,sz.001382,新亚电缆,29.2570245,25.1196675,29.2570245,24.9620539,32710575,906252159.37,54.3912,-12.8205,60139462.0,1510683289.0688848,2026-07-14
2025-03-26,sz.001382,新亚电缆,23.63218915,25.3363862,26.3017695,23.2086026,28266953,706717499.13,47.0023,0.8627,60139510.0,1523717851.238762,2026-07-14
2025-03-27,sz.001382,新亚电缆,24.430108,22.64710415,25.1984743,22.37128035,26784974,641733221.56,44.5381,-10.6143,60139463.0,1361984682.0860715,2026-07-14
2025-03-28,sz.001382,新亚电缆,22.64710415,24.91279965,24.91279965,21.8294836,28665670,682507128.9,47.6653,10.0043,60139494.0,1498243165.074377,2026-07-14
2025-03-31,sz.001382,新亚电缆,24.9226505,24.1345825,26.597295,23.4056196,35439124,898542290.01,58.9282,-3.1238,60139499.0,1451441700.1241674,2026-07-14
2025-04-01,sz.001382,新亚电缆,22.66680585,24.63697585,25.28713195,22.656955,29014736,708033010.95,48.2457,2.0816,60139527.0,1481656074.329423,2026-07-14
2025-04-02,sz.001382,新亚电缆,24.430108,24.2921961,24.89309795,23.8193553,20167260,498400520.01,33.5341,-1.3994,60139559.0,1460921960.59552,2026-07-14
2025-04-03,sz.001382,新亚电缆,24.2921961,26.72535605,26.72535605,23.47457555,33997466,863334977.4,56.531,10.0162,60139509.0,1607249790.6971793,2026-07-14
2025-04-07,sz.001382,新亚电缆,24.83399285,24.0557757,26.5775933,24.0557757,21412351,546287279.77,35.6045,-9.9889,60139451.0,1446701143.977141,2026-07-14
2025-04-08,sz.001382,新亚电缆,23.63218915,21.6521683,24.036074,21.6521683,25781324,578243608.79,42.8692,-9.9918,60139503.0,1302150640.4343548,2026-07-14
2025-04-09,sz.001382,新亚电缆,19.9972255,20.51932055,21.30738855,19.4849813,21990863,449055292.07,36.5664,-5.232,60139535.0,1234022396.3929443,2026-07-14
2025-04-10,sz.001382,新亚电缆,20.6276799,20.42081205,21.3369411,20.3912595,18993500,402384034.87,31.5824,-0.4801,60139508.0,1228097589.6474714,2026-07-14
2025-04-11,sz.001382,新亚电缆,19.8199102,20.2730493,20.77544265,19.8199102,13798302,285775613.05,22.9438,-0.7236,60139567.0,1219212406.671653,2026-07-14
2025-04-14,sz.001382,新亚电缆,20.5094697,20.97245965,21.14977495,20.44051375,14899957,314152170.3,24.7757,3.45,60139399.0,1261271118.9027505,2026-07-14
2025-04-15,sz.001382,新亚电缆,20.883802,23.0706907,23.0706907,20.8049952,22534561,502234330.56,37.4705,10.0047,60139472.0,1387459157.3733103,2026-07-14
2025-04-16,sz.001382,新亚电缆,22.35157865,21.93784295,23.06083985,21.70142255,23022546,520152824.19,38.2819,-4.9103,60139507.0,1319331059.6564257,2026-07-14
2025-04-17,sz.001382,新亚电缆,21.72112425,22.4205346,22.86382285,21.6521683,18272700,414831576.41,30.3839,2.2003,60139416.0,1348357857.2517936,2026-07-14
2025-04-18,sz.001382,新亚电缆,22.1841142,22.7751652,24.08532825,21.97724635,22485208,529270072.27,37.3884,1.5817,60139530.0,1369687730.800356,2026-07-14
2025-04-21,sz.001382,新亚电缆,22.7751652,22.70620925,23.29726025,22.29247355,16712310,386121464.66,27.7892,-0.3028,60139587.0,1365542046.6305797,2026-07-14
2025-04-22,sz.001382,新亚电缆,22.35157865,22.82441945,23.64204,21.7703785,16194999,373142098.45,26.9291,0.5206,60139399.0,1372646868.2469106,2026-07-14
2025-04-23,sz.001382,新亚电缆,22.88352455,22.3811312,22.9327788,22.262921,13570915,309745410.02,22.5657,-1.9422,60139570.0,1345991606.4815838,2026-07-14
2025-04-24,sz.001382,新亚电缆,22.262921,21.3172394,22.4008329,21.18917835,12899958,283891470.81,21.4501,-4.7535,60139384.0,1282005646.0965295,2026-07-14
2025-04-25,sz.001382,新亚电缆,21.36649365,21.868887,23.1494975,21.36649365,14243236,320403969.13,23.6837,2.5878,60139404.0,1315181830.323348,2026-07-14
2025-04-28,sz.001382,新亚电缆,21.868887,21.34679195,22.3220261,21.3369411,9716188,214710772.44,16.1561,-2.3874,60139440.0,1283784113.669508,2026-07-14
2025-04-29,sz.001382,新亚电缆,21.3763445,20.7852935,21.5536598,20.49961885,8161922,173790032.94,13.5717,-2.6304,60139275.0,1250012481.7522125,2026-07-14
2025-04-30,sz.001382,新亚电缆,20.97245965,20.83454775,20.9823105,20.5882765,6275590,132587604.88,10.4351,0.237,60139242.0,1252973909.0978055,2026-07-14
2025-05-06,sz.001382,新亚电缆,21.13007325,21.9082904,21.93784295,21.13007325,11538050,253853802.24,19.1855,5.1537,60139428.0,1317552053.1138911,2026-07-14
2025-05-07,sz.001382,新亚电缆,21.91814125,21.89843955,22.1053074,21.60291405,9236535,204792913.66,15.3585,-0.045,60139564.0,1316962606.817356,2026-07-14
2025-05-08,sz.001382,新亚电缆,21.81963275,22.39098205,22.5584465,21.7506768,11862153,268367728.02,19.7244,2.2492,60139487.0,1346582173.9132085,2026-07-14
2025-05-09,sz.001382,新亚电缆,22.3417278,21.67187,22.6175516,21.67187,9487424,211214844.25,15.7757,-3.2116,60139480.0,1303334992.4276,2026-07-14
2025-05-12,sz.001382,新亚电缆,21.9673955,22.3811312,22.4993414,21.9673955,9581436,216912663.75,15.932,3.2727,60139568.0,1345991561.7193215,2026-07-14
2025-05-13,sz.001382,新亚电缆,22.54859565,22.262921,22.6175516,21.97724635,7648512,172599070.04,12.718,-0.5282,60139267.0,1338875750.2189069,2026-07-14
2025-05-14,sz.001382,新亚电缆,22.27277185,22.2038159,22.5190431,22.07575485,6901027,155873275.23,11.475,-0.2655,60139669.0,1335330138.762937,2026-07-14
2025-05-15,sz.001382,新亚电缆,22.23336845,22.37128035,22.5584465,21.72112425,10079934,226854963.97,16.7609,0.7542,60139575.0,1345399292.4548512,2026-07-14
2025-05-16,sz.001382,新亚电缆,22.15456165,21.9082904,22.45008715,21.868887,7320982,164603732.54,12.1733,-2.0696,60139666.0,1317557267.2870064,2026-07-14
2025-05-19,sz.001382,新亚电缆,21.7703785,21.66201915,22.1644125,21.42559875,6089904,134145789.1,10.1263,-1.1241,60139478.0,1302742524.1070037,2026-07-14
2025-05-20,sz.001382,新亚电缆,21.56351065,21.9476938,22.01664975,21.474853,6273264,139206642.6,10.4312,1.3188,60139428.0,1319921751.0511463,2026-07-14
2025-05-21,sz.001382,新亚电缆,21.8294836,22.52889395,23.2283043,21.5733615,14310075,325022949.43,23.7948,2.6481,60139505.0,1354876530.3504949,2026-07-14
2025-05-22,sz.001382,新亚电缆,22.41068375,22.76531435,24.1148808,22.262921,16943218,397385040.83,28.1732,1.0494,60139487.0,1369094326.4027386,2026-07-14
2025-05-23,sz.001382,新亚电缆,22.76531435,21.91814125,23.5238298,21.8491853,12891952,293988025.2,21.4367,-3.7213,60139630.0,1318148905.0627377,2026-07-14
2025-05-26,sz.001382,新亚电缆,21.7900802,22.5584465,22.853972,21.70142255,10517855,238357225.56,17.4891,2.9213,60139487.0,1356653400.0269454,2026-07-14
2025-05-27,sz.001382,新亚电缆,22.46978885,22.3023244,22.76531435,21.9279921,10041088,226978377.2,16.6963,-1.1354,60139600.0,1341252868.48624,2026-07-14
2025-05-28,sz.001382,新亚电缆,22.1053074,21.8294836,22.52889395,21.7506768,9773114,219031375.12,16.2507,-2.1201,60139649.0,1312817481.5552564,2026-07-14
2025-05-29,sz.001382,新亚电缆,21.72112425,22.3023244,22.35157865,21.54380895,10450699,235256563.85,17.3774,2.1661,60139601.0,1341252890.7885644,2026-07-14
2025-05-30,sz.001382,新亚电缆,22.1447108,21.1990292,22.1644125,21.18917835,12048133,263121067.19,20.0336,-4.947,60139630.0,1274901772.447196,2026-07-14
2025-06-03,sz.001382,新亚电缆,20.8641003,21.11037155,21.16947665,20.81484605,5561400,118422765.0,9.2475,-0.4182,60139497.0,1269567126.5001104,2026-07-14
2025-06-04,sz.001382,新亚电缆,21.1793275,21.24828345,21.44530045,21.080819,4532900,97879839.0,7.5373,0.6533,60139573.0,1277862693.6659667,2026-07-14
2025-06-05,sz.001382,新亚电缆,21.1793275,21.3369411,21.58321235,21.1793275,5445082,118204429.57,9.0541,0.4172,60139406.0,1283190963.6109867,2026-07-14
2025-06-06,sz.001382,新亚电缆,21.277836,21.05126645,21.277836,20.9823105,3905881,83645872.34,6.4947,-1.3389,60139514.0,1266012933.3875053,2026-07-14
2025-06-09,sz.001382,新亚电缆,21.09066985,21.3763445,21.4354496,20.9823105,4117984,88801723.3,6.8474,1.5442,60139381.0,1285560126.2727544,2026-07-14
2025-06-10,sz.001382,新亚电缆,21.28768685,21.14977495,21.40589705,20.79514435,4767109,102330974.8,7.9268,-1.0599,60139136.0,1271929192.0874434,2026-07-14
2025-06-11,sz.001382,新亚电缆,21.0414156,21.4354496,21.46500215,21.0217139,5052205,109582224.55,8.4008,1.3507,60139570.0,1289118721.700672,2026-07-14
2025-06-12,sz.001382,新亚电缆,21.4255025,21.71449765,22.0234235,21.27602225,8028691,174576473.04,13.3501,1.3017,60139557.0,1305900269.148541,2026-07-14
2025-06-13,sz.001382,新亚电缆,21.59491345,21.03685385,21.87394325,21.0268885,7329179,156848525.87,12.187,-3.1207,60139321.0,1265142106.515236,2026-07-14
2025-06-16,sz.001382,新亚电缆,20.8674429,21.23616085,21.2660569,20.8275815,3758511,79756739.2,6.2497,0.9474,60139063.0,1277122815.2362835,2026-07-14
2025-06-17,sz.001382,新亚电缆,21.1664034,21.03685385,21.3657104,20.927235,3950768,83513554.79,6.5693,-0.9385,60139863.0,1265153508.4900227,2026-07-14
2025-06-18,sz.001382,新亚电缆,21.0468192,20.7478587,21.0468192,20.67810125,3629999,75756075.45,6.036,-1.3738,60139148.0,1247758545.0423875,2026-07-14
2025-06-19,sz.001382,新亚电缆,20.57844775,19.92073465,20.7478587,19.88087325,5915564,120086723.64,9.8364,-3.9866,60139523.0,1198023479.660572,2026-07-14
2025-06-20,sz.001382,新亚电缆,19.92073465,20.02038815,20.2695219,19.9107693,2862100,57596063.18,4.7591,0.5003,60139522.0,1204016573.5954642,2026-07-14
2025-06-23,sz.001382,新亚电缆,19.731393,20.1698684,20.19976445,19.66163555,2749411,55241685.0,4.5717,0.7466,60139795.0,1213011750.7529778,2026-07-14
2025-06-24,sz.001382,新亚电缆,20.29941795,20.6681359,20.727928,20.17983375,4504407,92737861.81,7.4899,2.4704,60139748.0,1242976484.6557531,2026-07-14
2025-06-25,sz.001382,新亚电缆,20.6681359,20.5884131,20.727928,20.43893285,3875847,79979528.38,6.4448,-0.3857,60139135.0,1238169354.8566685,2026-07-14
2025-06-26,sz.001382,新亚电缆,20.59837845,20.4688289,20.6880666,20.3691754,3457194,71225400.76,5.7486,-0.5808,60139756.0,1230990375.6517482,2026-07-14
2025-06-27,sz.001382,新亚电缆,20.528621,21.15643805,21.8639779,20.47879425,10314792,218691335.53,17.1514,3.3593,60139650.0,1272340779.5736823,2026-07-14
2025-06-30,sz.001382,新亚电缆,20.93720035,21.1066113,21.27602225,20.87740825,6099985,128983603.53,10.1431,-0.2355,60139257.0,1269335921.3698041,2026-07-14
2025-07-01,sz.001382,新亚电缆,21.05678455,21.01692315,21.1464727,20.83754685,3599121,75784589.66,5.9846,-0.4249,60139709.0,1263951642.3163633,2026-07-14
2025-07-02,sz.001382,新亚电缆,21.2062648,21.27602225,21.57498275,21.0667499,7174881,153294445.51,11.9304,1.2328,60139484.0,1279528999.687519,2026-07-14
2025-07-03,sz.001382,新亚电缆,21.126542,21.07671525,21.31588365,20.93720035,3977030,83950265.63,6.613,-0.9368,60139574.0,1267544676.4543035,2026-07-14
2025-07-04,sz.001382,新亚电缆,20.9870271,20.7877201,21.0866806,20.7877201,3466700,72723261.06,5.7644,-1.3712,60139824.0,1250169828.1752625,2026-07-14
2025-07-07,sz.001382,新亚电缆,20.7877201,21.2062648,21.27602225,20.7478587,4557570,96532536.28,7.5783,2.0134,60139741.0,1275339272.6494167,2026-07-14
2025-07-08,sz.001382,新亚电缆,21.1664034,21.3856411,21.43546785,21.0866806,6436567,137640094.21,10.7027,0.8459,60139656.0,1286125099.0934618,2026-07-14
2025-07-09,sz.001382,新亚电缆,21.3856411,21.35574505,21.525156,21.25609155,5603700,120352168.0,9.3178,-0.1398,60139733.0,1284328805.3230717,2026-07-14
2025-07-10,sz.001382,新亚电缆,21.31588365,21.23616085,21.47532925,21.15643805,3793951,80980816.31,6.3086,-0.56,60139349.0,1277128888.7782867,2026-07-14
2025-07-11,sz.001382,新亚电缆,21.2660569,21.126542,21.3059183,20.97706175,3720955,78754494.36,6.1872,-0.5162,60139562.0,1270540982.4546041,2026-07-14
2025-07-14,sz.001382,新亚电缆,21.126542,21.2461262,21.325849,21.0667499,3227267,68705484.01,5.3663,0.566,60139519.0,1277731810.2812977,2026-07-14
2025-07-15,sz.001382,新亚电缆,21.2461262,20.9670964,21.325849,20.7677894,3842870,80939581.94,6.3899,-1.3133,60139752.0,1260955977.6560926,2026-07-14
2025-07-16,sz.001382,新亚电缆,21.0069578,21.01692315,21.07671525,20.9073043,2317116,48836074.56,3.8529,0.2376,60139531.0,1263947901.3040426,2026-07-14
2025-07-17,sz.001382,新亚电缆,21.0667499,21.0866806,21.0866806,20.8674429,2272916,47899871.64,3.7794,0.3319,60139599.0,1268144515.5250795,2026-07-14
2025-07-18,sz.001382,新亚电缆,21.03685385,21.07671525,21.15643805,20.93720035,2600196,54826550.52,4.3236,-0.0473,60139606.0,1267545350.9091914,2026-07-14
2025-07-21,sz.001382,新亚电缆,21.2461262,21.9636314,22.3622454,21.19629945,16173111,355288109.59,26.8927,4.208,60139410.0,1320879833.8534741,2026-07-14
2025-07-22,sz.001382,新亚电缆,22.0632849,22.4818296,22.920305,21.69456695,19068312,427294339.87,31.7068,2.3593,60139503.0,1352046058.6746888,2026-07-14
2025-07-23,sz.001382,新亚电缆,22.5017603,21.7842551,22.6213445,21.7045323,11394895,251781137.15,18.9474,-3.1028,60139623.0,1310096889.0498273,2026-07-14
2025-07-24,sz.001382,新亚电缆,21.6846016,22.29248795,23.16943875,21.5849481,14784060,332465807.52,24.5829,2.333,60139609.0,1340661508.9502118,2026-07-14
2025-07-25,sz.001382,新亚电缆,22.15297305,21.9437007,22.39214145,21.87394325,7786300,171799698.0,12.9471,-1.5646,60139336.0,1319679589.4807353,2026-07-14
2025-07-28,sz.001382,新亚电缆,21.87394325,21.8440472,22.01345815,21.7443937,4632888,101371463.08,7.7036,-0.4541,60139260.0,1313684834.013072,2026-07-14
2025-07-29,sz.001382,新亚电缆,21.7443937,21.79422045,21.87394325,21.51519065,4591094,99796669.22,7.6341,-0.2281,60139296.0,1310689074.7318032,2026-07-14
2025-07-30,sz.001382,新亚电缆,21.724463,21.5650174,21.9437007,21.39560645,5148002,111851046.85,8.5601,-1.0517,60139508.0,1296909536.4474392,2026-07-14
2025-07-31,sz.001382,新亚电缆,21.47532925,21.126542,21.61484415,21.0268885,5250987,112241085.0,8.7313,-2.0333,60139807.0,1270546158.4573941,2026-07-14
2025-08-01,sz.001382,新亚电缆,21.2461262,21.2261955,21.2461262,21.0268885,2450162,51999513.0,4.0741,0.4717,60139957.0,1276542484.6435935,2026-07-14
2025-08-04,sz.001382,新亚电缆,21.0268885,21.27602225,21.3059183,21.01692315,2554794,54392386.98,4.2481,0.2347,60139686.0,1279533297.4440136,2026-07-14
2025-08-05,sz.001382,新亚电缆,21.29595295,21.57498275,21.6846016,21.2261955,3791717,81610494.88,6.3049,1.4052,60139209.0,1297502396.7736447,2026-07-14
2025-08-06,sz.001382,新亚电缆,21.55505205,21.6447402,21.7643244,21.35574505,3811689,82535156.69,6.3381,0.3233,60139300.0,1301699524.30986,2026-07-14
2025-08-07,sz.001382,新亚电缆,21.71449765,21.4454332,21.71449765,21.3657104,3827657,82506272.09,6.3646,-0.9208,60139789.0,1289723827.6615949,2026-07-14
2025-08-08,sz.001382,新亚电缆,21.4454332,21.39560645,21.49525995,21.27602225,2814591,60401151.22,4.6801,-0.2323,60139548.0,1286722101.0888846,2026-07-14
2025-08-11,sz.001382,新亚电缆,21.3856411,21.51519065,21.61484415,21.35574505,2830953,61075473.2,4.7073,0.5589,60139634.0,1293915691.1312222,2026-07-14
2025-08-12,sz.001382,新亚电缆,21.4852946,21.57498275,21.7045323,21.4454332,3072752,66496136.74,5.1094,0.2779,60139194.0,1297502073.1489036,2026-07-14
2025-08-13,sz.001382,新亚电缆,21.61484415,21.8440472,21.9437007,21.45539855,7791539,170105976.12,12.9558,1.2471,60139389.0,1313687651.8951607,2026-07-14
2025-08-14,sz.001382,新亚电缆,21.83408185,21.4454332,21.83408185,21.31588365,5491334,118750834.8,9.131,-1.8248,60139459.0,1289716750.6686387,2026-07-14
2025-08-15,sz.001382,新亚电缆,21.3059183,21.61484415,21.67463625,21.2859876,4133065,89531946.83,6.8725,0.79,60139178.0,1299898959.7791088,2026-07-14
2025-08-18,sz.001382,新亚电缆,21.6447402,21.85401255,21.9835621,21.63477485,6674542,146049407.84,11.0984,1.1065,60139678.0,1314293277.7649589,2026-07-14
2025-08-19,sz.001382,新亚电缆,21.85401255,21.79422045,21.95366605,21.69456695,4612502,100910366.67,7.6697,-0.2736,60139275.0,1310688617.0531738,2026-07-14
2025-08-20,sz.001382,新亚电缆,21.73442835,21.9437007,21.99352745,21.65470555,4752109,104231178.66,7.9018,0.6859,60139576.0,1319684855.9689033,2026-07-14
2025-08-21,sz.001382,新亚电缆,21.9835621,21.95366605,22.0632849,21.7443937,5085880,111933887.11,8.4568,0.0454,60139533.0,1320283223.8849547,2026-07-14
2025-08-22,sz.001382,新亚电缆,21.92377,21.8639779,21.92377,21.75435905,4098694,89809875.96,6.8153,-0.4085,60139598.0,1314890841.586884,2026-07-14
2025-08-25,sz.001382,新亚电缆,21.87394325,21.79422045,21.92377,21.7045323,5658079,123852798.68,9.4083,-0.3191,60139228.0,1310687592.7248127,2026-07-14
2025-08-26,sz.001382,新亚电缆,21.7045323,21.87394325,22.0034928,21.7045323,5331847,117150910.92,8.8658,0.3658,60139491.0,1315487813.2178857,2026-07-14
2025-08-27,sz.001382,新亚电缆,21.7842551,21.1664034,21.97359675,21.1664034,6808088,147717062.68,11.3205,-3.2346,60139464.0,1272936155.2837777,2026-07-14
2025-08-28,sz.001382,新亚电缆,21.1464727,21.3457797,21.3457797,20.5684824,5781830,122188446.1,9.614,0.8475,60139692.0,1283728616.6578524,2026-07-14
2025-08-29,sz.001382,新亚电缆,21.325849,21.1863341,21.39560645,21.1664034,3160378,67514028.7,5.2551,-0.747,60139255.0,1274130348.9550955,2026-07-14
2025-09-01,sz.001382,新亚电缆,21.13650735,21.17636875,21.325849,21.0069578,2930788,62267653.84,4.8733,-0.047,60139700.0,1273540463.714375,2026-07-14
2025-09-02,sz.001382,新亚电缆,21.0866806,20.8674429,21.21623015,20.6282745,3930318,82302776.1,6.5353,-1.4588,60139825.0,1254964364.2034924,2026-07-14
2025-09-03,sz.001382,新亚电缆,20.8873736,20.57844775,20.9670964,20.45886355,2735500,56837423.0,4.5486,-1.3849,60139384.0,1237575171.361186,2026-07-14
2025-09-04,sz.001382,新亚电缆,20.63823985,20.6083438,20.9073043,20.3691754,3032591,62898892.49,5.0426,0.1453,60139432.0,1239374090.5927217,2026-07-14
2025-09-05,sz.001382,新亚电缆,20.59837845,20.9670964,20.9870271,20.57844775,2723788,56982828.72,4.5291,1.7408,60139719.0,1260955285.7419116,2026-07-14
2025-09-08,sz.001382,新亚电缆,20.97706175,21.05678455,21.0667499,20.8475122,2260787,47571900.13,3.7592,0.4278,60140110.0,1266357339.0833006,2026-07-14
2025-09-09,sz.001382,新亚电缆,21.0866806,20.91726965,21.0866806,20.75782405,2090895,43840195.08,3.4767,-0.6626,60140219.0,1257969177.6330535,2026-07-14
2025-09-10,sz.001382,新亚电缆,20.91726965,20.77775475,21.0069578,20.73789335,1368500,28588101.0,2.2755,-0.667,60140628.0,1249587219.094983,2026-07-14
2025-09-11,sz.001382,新亚电缆,20.67810125,20.89733895,20.89733895,20.6282745,2013532,42018764.48,3.3481,0.5755,60139542.0,1256756393.471761,2026-07-14
2025-09-12,sz.001382,新亚电缆,20.87740825,20.69803195,20.8873736,20.69803195,1982506,41349346.06,3.2965,-0.9537,60139724.0,1244773928.816182,2026-07-14
2025-09-15,sz.001382,新亚电缆,20.53858635,20.6282745,20.727928,20.53858635,1739489,35945039.76,2.8924,-0.337,60139988.0,1240584180.890706,2026-07-14
2025-09-16,sz.001382,新亚电缆,20.5485517,20.77775475,20.77775475,20.47879425,2184711,45242326.44,3.6327,0.7246,60140144.0,1249577162.661684,2026-07-14
2025-09-17,sz.001382,新亚电缆,20.7677894,20.9073043,21.1066113,20.6282745,2764888,58111581.6,4.5975,0.6235,60138945.0,1257343223.3959634,2026-07-14
2025-09-18,sz.001382,新亚电缆,20.927235,20.59837845,20.95713105,20.4887596,3027003,62986783.97,5.0333,-1.4776,60139531.0,1238776819.3435068,2026-07-14
2025-09-19,sz.001382,新亚电缆,20.5884131,21.13650735,21.57498275,20.53858635,7073194,149979206.84,11.7613,2.6125,60139559.0,1271140230.8292587,2026-07-14
2025-09-22,sz.001382,新亚电缆,21.03685385,21.1464727,21.1464727,20.7677894,4613429,96763954.74,7.441,0.0471,62000121.0,1311083866.1231968,2026-07-14
2025-09-23,sz.001382,新亚电缆,21.126542,21.51519065,21.91380465,20.5684824,9157803,195398361.72,14.7707,1.7436,61999790.0,1333937302.1099637,2026-07-14
2025-09-24,sz.001382,新亚电缆,21.4255025,21.4055718,21.4852946,21.29595295,5046249,108274076.54,8.1391,-0.5095,62000086.0,1327147292.4791749,2026-07-14
2025-09-25,sz.001382,新亚电缆,21.4055718,20.8674429,21.4055718,20.8674429,4999652,105727595.6,8.064,-2.514,61999653.0,1293774218.7973137,2026-07-14
2025-09-26,sz.001382,新亚电缆,20.91726965,20.73789335,21.05678455,20.65817055,3294484,68890142.28,5.3137,-0.6208,61999812.0,1285745488.9760501,2026-07-14
2025-09-29,sz.001382,新亚电缆,20.6282745,20.45886355,20.727928,20.1499377,3370718,68975623.74,5.4366,-1.3455,62000478.0,1268459319.4367769,2026-07-14
2025-09-30,sz.001382,新亚电缆,20.4488982,21.29595295,22.4419682,20.3691754,9598529,206237694.65,15.4815,4.0916,61999994.0,1320348955.1242824,2026-07-14
2025-10-09,sz.001382,新亚电缆,21.2859876,21.4454332,21.55505205,21.0268885,6893663,147895378.38,11.1188,0.7019,62000063.0,1329618209.4622917,2026-07-14
2025-10-10,sz.001382,新亚电缆,21.51519065,21.47532925,21.63477485,21.23616085,5519969,118872876.01,8.9032,0.1394,61999832.0,1331466805.644686,2026-07-14
2025-10-13,sz.001382,新亚电缆,21.0468192,21.69456695,21.7045323,20.9073043,5299949,113930551.29,8.5483,1.0209,62000035.0,1345063910.2098432,2026-07-14
2025-10-14,sz.001382,新亚电缆,21.6248095,21.4653639,21.9437007,21.37567575,6208434,135034134.36,10.0136,-1.0565,62000020.0,1330852991.107278,2026-07-14
2025-10-15,sz.001382,新亚电缆,21.43546785,21.4055718,21.51519065,21.17636875,3912007,83806343.7,6.3097,-0.2786,61999889.0,1327143075.5815303,2026-07-14
2025-10-16,sz.001382,新亚电缆,21.49525995,21.7842551,22.1031463,21.27602225,8287618,180640185.34,13.3671,1.7691,62000120.0,1350626430.310612,2026-07-14
2025-10-17,sz.001382,新亚电缆,21.59491345,20.83754685,21.71449765,20.8275815,6235675,133125547.36,10.0575,-4.3458,62000249.0,1291933093.2491655,2026-07-14
2025-10-20,sz.001382,新亚电缆,21.03685385,21.0468192,21.2461262,20.8674429,3184833,67275516.43,5.1368,1.0043,62000331.0,1304909756.8971553,2026-07-14
2025-10-21,sz.001382,新亚电缆,21.0468192,21.1464727,21.19629945,20.927235,3099961,65586880.32,4.9999,0.4735,62000460.0,1311091034.777442,2026-07-14
2025-10-22,sz.001382,新亚电缆,21.1863341,21.07671525,21.19629945,20.9073043,2770421,58552727.68,4.4684,-0.3299,62000291.0,1306762478.8241377,2026-07-14
2025-10-23,sz.001382,新亚电缆,20.89733895,21.61484415,21.79422045,20.83754685,6548681,140740285.65,10.5624,2.5532,61999934.0,1340118910.7202861,2026-07-14
2025-10-24,sz.001382,新亚电缆,21.5650174,21.47532925,21.69456695,21.45539855,4425390,95682086.17,7.1377,-0.6455,62000224.0,1331475223.973752,2026-07-14
2025-10-27,sz.001382,新亚电缆,21.5052253,21.69456695,21.77428975,21.39560645,4961308,107625406.93,8.0021,1.0209,62000075.0,1345064777.9925213,2026-07-14
2025-10-28,sz.001382,新亚电缆,21.47532925,21.33581435,21.6048788,21.2859876,4192754,90057656.22,6.7625,-1.6537,62000059.0,1322821748.5130467,2026-07-14
2025-10-29,sz.001382,新亚电缆,21.33581435,21.67463625,21.9038393,21.17636875,6263198,135822003.17,10.1019,1.588,62000198.0,1343831739.0779774,2026-07-14
2025-10-30,sz.001382,新亚电缆,21.6248095,21.2660569,21.6447402,21.2660569,4202451,90441414.5,6.7781,-1.8851,62000428.0,1318504629.672353,2026-07-14
2025-10-31,sz.001382,新亚电缆,21.2660569,21.325849,21.3856411,21.2261955,2698422,57749621.0,4.3523,0.2812,61999908.0,1322200676.021892,2026-07-14
2025-11-03,sz.001382,新亚电缆,21.31588365,21.6048788,21.61484415,21.2660569,4294651,92683603.26,6.9269,1.3084,61999610.0,1339494059.697268,2026-07-14
2025-11-04,sz.001382,新亚电缆,21.6048788,21.724463,21.85401255,21.53512135,5822484,126951913.46,9.3911,0.5535,62000021.0,1346917162.213723,2026-07-14
2025-11-05,sz.001382,新亚电缆,21.63477485,22.17290375,22.25262655,21.59491345,12570917,278153847.87,20.2757,2.0642,61999916.0,1374718169.976085,2026-07-14
2025-11-06,sz.001382,新亚电缆,22.21276515,22.07325025,22.5017603,21.9835621,12275820,273531314.98,19.7997,-0.4494,62000030.0,1368542177.6975076,2026-07-14
2025-11-07,sz.001382,新亚电缆,22.0034928,22.2625919,22.57151775,21.95366605,9709857,217144715.55,15.6611,0.8578,61999840.0,1380277135.785296,2026-07-14
2025-11-10,sz.001382,新亚电缆,22.3024533,22.5017603,22.6014138,22.0433542,7874249,176414558.99,12.7004,1.0743,62000008.0,1395109318.6140823,2026-07-14
2025-11-11,sz.001382,新亚电缆,22.55158705,21.9835621,22.57151775,21.93373535,6891951,153256153.02,11.1161,-2.3029,61999721.0,1362974716.786174,2026-07-14
2025-11-12,sz.001382,新亚电缆,21.9835621,21.7643244,22.0034928,21.63477485,3992187,87251700.65,6.439,-0.9973,62000109.0,1349390485.1113596,2026-07-14
2025-11-13,sz.001382,新亚电缆,21.81415115,21.77428975,21.91380465,21.6248095,3520438,76916243.14,5.6781,0.0458,62000282.0,1350012104.8497095,2026-07-14
2025-11-14,sz.001382,新亚电缆,21.724463,21.6447402,21.92377,21.61484415,3959136,86528670.02,6.3857,-0.595,62000031.0,1341974563.3869462,2026-07-14
2025-11-17,sz.001382,新亚电缆,21.63477485,21.6048788,21.67463625,21.37567575,3703548,79859945.95,5.9735,-0.1842,61999632.0,1339494535.0046017,2026-07-14
2025-11-18,sz.001382,新亚电缆,21.6248095,21.3457797,21.63477485,21.2461262,3415796,73269701.17,5.5093,-1.1993,62000545.0,1323449974.8499365,2026-07-14
2025-11-19,sz.001382,新亚电缆,21.2261955,20.89733895,21.3457797,20.8076508,3656014,76953020.8,5.8968,-2.1008,61999966.0,1295634304.3904757,2026-07-14
2025-11-20,sz.001382,新亚电缆,20.95713105,20.73789335,21.0468192,20.727928,2246487,46997661.35,3.6234,-0.763,61999420.0,1285737359.721857,2026-07-14
2025-11-21,sz.001382,新亚电缆,20.61830915,20.0104228,20.727928,19.9904921,3786250,76938546.83,6.1069,-3.5079,61999542.0,1240637048.8263576,2026-07-14
2025-11-24,sz.001382,新亚电缆,20.130007,20.329314,20.4090368,19.9904921,2471925,50160861.73,3.987,1.5936,61999624.0,1260409824.177936,2026-07-14
2025-11-25,sz.001382,新亚电缆,20.33927935,20.23962585,20.45886355,20.2296605,2530808,51615668.16,4.0819,-0.4412,62000735.0,1254871678.8249998,2026-07-14
2025-11-26,sz.001382,新亚电缆,20.2495912,20.02038815,20.329314,19.96059605,2222569,44898169.61,3.5848,-1.0832,61999805.0,1241260161.3243108,2026-07-14
2025-11-27,sz.001382,新亚电缆,20.0104228,19.96059605,20.15990305,19.94066535,1851120,37250784.16,2.9857,-0.2987,61999531.0,1237547593.5804524,2026-07-14
2025-11-28,sz.001382,新亚电缆,20.00045745,20.2296605,20.25955655,19.7712544,2677200,53791474.64,4.3181,1.348,61999491.0,1254228654.1028056,2026-07-14
2025-12-01,sz.001382,新亚电缆,20.2296605,20.29941795,20.29941795,20.12004165,1754296,35646204.93,2.8295,0.3448,62000212.0,1258568216.3766053,2026-07-14
2025-12-02,sz.001382,新亚电缆,20.2894526,20.2296605,20.4289675,20.19976445,1555541,31637390.61,2.5089,-0.3436,62000917.0,1254257501.5986786,2026-07-14
2025-12-03,sz.001382,新亚电缆,20.1499377,19.96059605,20.2296605,19.92073465,2238914,44958336.79,3.6112,-1.33,61999169.0,1237540367.8446825,2026-07-14
2025-12-04,sz.001382,新亚电缆,20.08018025,20.02038815,20.08018025,19.78121975,1546114,30915691.72,2.4937,0.2996,62000802.0,1241280121.6512961,2026-07-14
2025-12-05,sz.001382,新亚电缆,20.0702149,20.2495912,20.27948725,19.88087325,1855991,37476612.91,2.9935,1.1448,62000702.0,1255488869.6130226,2026-07-14
2025-12-08,sz.001382,新亚电缆,20.27948725,20.17983375,20.2894526,20.13997235,2259618,45822714.62,3.6445,-0.3445,62000768.0,1251165190.61232,2026-07-14
2025-12-09,sz.001382,新亚电缆,20.17983375,20.21969515,20.25955655,20.13997235,1456413,29507929.03,2.3491,0.1975,61998765.0,1253596127.9764898,2026-07-14
2025-12-10,sz.001382,新亚电缆,20.2296605,20.0901456,20.2695219,19.9506307,1616200,32508021.0,2.6068,-0.6407,61999386.0,1245576691.8506017,2026-07-14
2025-12-11,sz.001382,新亚电缆,20.0702149,20.08018025,20.3492447,20.02038815,2242434,45433706.44,3.6168,-0.0496,62000498.0,1244981175.4297645,2026-07-14
2025-12-12,sz.001382,新亚电缆,20.0901456,20.6482052,20.83754685,20.0104228,6448458,133032301.35,10.4007,2.8288,62000231.0,1280193492.1354012,2026-07-14
2025-12-15,sz.001382,新亚电缆,20.4688289,20.3691754,20.81761615,20.31934865,3655524,75213656.76,5.896,-1.3514,62000068.0,1262890259.903927,2026-07-14
2025-12-16,sz.001382,新亚电缆,20.39907145,20.81761615,21.09664595,20.130007,7209693,150217563.89,11.6285,2.2016,62000198.0,1290696323.1879976,2026-07-14
2025-12-17,sz.001382,新亚电缆,20.57844775,20.65817055,20.75782405,20.1897991,4816855,98990642.79,7.7691,-0.7659,62000167.0,1280810024.014482,2026-07-14
2025-12-18,sz.001382,新亚电缆,20.43893285,20.3492447,20.5884131,20.329314,2657896,54558966.44,4.2869,-1.4954,62000420.0,1261661718.082774,2026-07-14
2025-12-19,sz.001382,新亚电缆,20.3691754,20.51865565,20.65817055,20.3691754,2385681,49030820.04,3.8479,0.8325,61999558.0,1272147581.0542026,2026-07-14
2025-12-22,sz.001382,新亚电缆,20.51865565,20.4887596,20.59837845,20.37914075,2470961,50795201.48,3.9854,-0.1457,62000326.0,1270309774.5356297,2026-07-14
2025-12-23,sz.001382,新亚电缆,20.5086903,20.17983375,20.5086903,20.1499377,2033866,41374709.72,3.2804,-1.5078,62000549.0,1251160771.2287288,2026-07-14
2025-12-24,sz.001382,新亚电缆,20.2495912,20.37914075,20.51865565,20.130007,1875999,38301428.37,3.0258,0.9877,62000099.0,1263508744.0349343,2026-07-14
2025-12-25,sz.001382,新亚电缆,20.33927935,20.81761615,21.6248095,20.2695219,6100082,127823837.61,9.8388,2.1516,62000264.0,1290697697.1506636,2026-07-14
2025-12-26,sz.001382,新亚电缆,20.6880666,20.61830915,20.95713105,20.5485517,4158313,86420307.2,6.707,-0.9574,61999597.0,1278326858.1214128,2026-07-14
2025-12-29,sz.001382,新亚电缆,20.57844775,20.67810125,20.7877201,20.5485517,2381611,49420891.49,3.8413,0.29,62000130.0,1282044965.6531625,2026-07-14
2025-12-30,sz.001382,新亚电缆,20.55851705,20.43893285,20.6282745,20.43893285,2084117,42882134.2,3.3615,-1.1566,61999613.0,1267205926.832987,2026-07-14
2025-12-31,sz.001382,新亚电缆,20.4090368,20.4289675,20.53858635,20.3891061,1589736,32617178.62,2.5641,-0.0488,61999766.0,1266591204.621605,2026-07-14
2026-01-05,sz.001382,新亚电缆,20.4289675,20.57844775,20.57844775,20.33927935,2332298,47983587.48,3.7618,0.7317,61999522.0,1275853924.0019755,2026-07-14
2026-01-06,sz.001382,新亚电缆,20.6083438,20.59837845,20.6482052,20.4887596,2749107,56734655.4,4.434,0.0969,62000609.0,1277112008.312476,2026-07-14
2026-01-07,sz.001382,新亚电缆,20.6083438,20.6083438,20.77775475,20.528621,2589408,53588976.69,4.1765,0.0484,61999473.0,1277706455.0028174,2026-07-14
2026-01-08,sz.001382,新亚电缆,20.5884131,20.7079973,20.7079973,20.49872495,2585355,53525358.95,4.1699,0.4836,62000408.0,1283904281.4628983,2026-07-14
2026-01-09,sz.001382,新亚电缆,20.727928,20.69803195,20.7478587,20.59837845,3010098,62442988.64,4.855,-0.0481,61999959.0,1283277132.2806902,2026-07-14
2026-01-12,sz.001382,新亚电缆,20.69803195,20.8076508,20.8076508,20.61830915,3747433,77901725.61,6.0442,0.5296,62000480.0,1290084337.2723842,2026-07-14
2026-01-13,sz.001382,新亚电缆,20.8076508,21.01692315,21.2461262,20.59837845,6851994,143875513.11,11.0516,1.0057,62000018.0,1303049613.6046166,2026-07-14
2026-01-14,sz.001382,新亚电缆,20.95713105,20.83754685,21.2261955,20.727928,6595364,138999973.35,10.6377,-0.8535,61999906.0,1291925945.970596,2026-07-14
2026-01-15,sz.001382,新亚电缆,20.927235,20.8674429,20.99699245,20.63823985,3838706,80088816.62,6.1915,0.1435,61999612.0,1293773363.2321548,2026-07-14
2026-01-16,sz.001382,新亚电缆,21.43546785,21.05678455,21.57498275,20.927235,6214826,132079908.92,10.0239,0.9074,62000080.0,1305522326.642764,2026-07-14
2026-01-19,sz.001382,新亚电缆,20.93720035,22.0832156,22.09318095,20.927235,12657390,275726890.99,20.4151,4.8746,62000137.0,1369162392.600537,2026-07-14
2026-01-20,sz.001382,新亚电缆,21.8639779,21.525156,21.8639779,21.45539855,8150119,176959964.88,13.1454,-2.5271,61999779.0,1334554914.9405239,2026-07-14
2026-01-21,sz.001382,新亚电缆,21.4055718,21.2859876,21.4055718,21.126542,5035225,107321699.59,8.1213,-1.1111,62000234.0,1319736212.1210983,2026-07-14
2026-01-22,sz.001382,新亚电缆,21.2261955,21.4055718,21.4454332,21.19629945,3865863,82884413.7,6.2353,0.5618,61999631.0,1327137552.9440057,2026-07-14
2026-01-23,sz.001382,新亚电缆,21.39560645,21.4852946,21.7045323,21.27602225,4926950,106227225.18,7.9467,0.3724,61999950.0,1332087190.93527,2026-07-14
2026-01-26,sz.001382,新亚电缆,21.4255025,21.2461262,21.6248095,21.13650735,4274206,91605589.47,6.8939,-1.1132,61999826.0,1317256127.5740411,2026-07-14
2026-01-27,sz.001382,新亚电缆,21.1464727,21.07671525,21.1863341,20.47879425,4169330,87291557.85,6.7247,-0.7974,62000238.0,1306761361.7582295,2026-07-14
2026-01-28,sz.001382,新亚电缆,21.07671525,20.57844775,21.07671525,20.5485517,3831976,79771769.12,6.1806,-2.3641,62000065.0,1275865098.0991037,2026-07-14
2026-01-29,sz.001382,新亚电缆,20.6282745,20.3492447,20.727928,20.2894526,2969893,60958555.3,4.7902,-1.1138,61999353.0,1261640005.438679,2026-07-14
2026-01-30,sz.001382,新亚电缆,20.3492447,20.4090368,20.51865565,20.130007,2214448,45177597.0,3.5717,0.2938,61999832.0,1265356852.8818176,2026-07-14
2026-02-02,sz.001382,新亚电缆,20.41900215,20.4488982,20.77775475,20.41900215,2985382,61745337.12,4.8151,0.1953,62000415.0,1267840174.6927528,2026-07-14
2026-02-03,sz.001382,新亚电缆,20.57844775,20.67810125,20.7079973,20.43893285,2398983,49607037.5,3.8693,1.1209,62000439.0,1282051355.1864488,2026-07-14
2026-02-04,sz.001382,新亚电缆,20.6083438,20.85747755,20.99699245,20.53858635,2980119,62372186.26,4.8066,0.8675,62000562.0,1293175330.002383,2026-07-14
2026-02-05,sz.001382,新亚电缆,20.7677894,20.5485517,20.8475122,20.47879425,2233000,46227712.0,3.6016,-1.4811,62000222.0,1274014767.1784775,2026-07-14
2026-02-06,sz.001382,新亚电缆,20.4289675,20.65817055,20.79768545,20.3891061,1904398,39493631.48,3.0716,0.5335,62000195.0,1280810602.4432573,2026-07-14
2026-02-09,sz.001382,新亚电缆,20.8275815,20.73789335,20.8275815,20.6482052,2045783,42576134.57,3.2997,0.3859,61999061.0,1285729914.8181443,2026-07-14
2026-02-10,sz.001382,新亚电缆,20.73789335,20.59837845,20.77775475,20.5884131,2017768,41840204.8,3.2545,-0.6728,61999324.0,1277085539.3961678,2026-07-14
2026-02-11,sz.001382,新亚电缆,20.6880666,20.6083438,20.6880666,20.4887596,1169192,24175562.56,1.8858,0.0484,61999788.0,1277712946.6311145,2026-07-14
2026-02-12,sz.001382,新亚电缆,20.61830915,20.65817055,20.7677894,20.35921005,2158067,44649976.22,3.4808,0.2418,61999167.0,1280789365.843932,2026-07-14
2026-02-13,sz.001382,新亚电缆,20.528621,20.35921005,20.6482052,20.2894526,2186264,44919822.44,3.5262,-1.4472,62000567.0,1262282566.7720985,2026-07-14
2026-02-24,sz.001382,新亚电缆,20.4289675,20.7877201,20.7877201,20.4289675,3014950,62558999.4,4.8628,2.1047,62000288.0,1288844633.0633888,2026-07-14
2026-02-25,sz.001382,新亚电缆,20.79768545,20.81761615,20.8475122,20.71796265,2417596,50442125.2,3.8993,0.1438,62000769.0,1290708210.0468192,2026-07-14
2026-02-26,sz.001382,新亚电缆,20.8275815,21.1066113,21.126542,20.727928,4001906,84385125.14,6.4547,1.3882,61999876.0,1308607283.380199,2026-07-14
2026-02-27,sz.001382,新亚电缆,21.05678455,21.2261955,21.27602225,20.927235,3445944,73146832.2,5.558,0.5666,61999712.0,1316018007.855696,2026-07-14
2026-03-02,sz.001382,新亚电缆,21.0268885,21.0866806,21.2261955,20.8076508,3564700,75360366.36,5.7495,-0.6573,62000174.0,1307377866.2824244,2026-07-14
2026-03-03,sz.001382,新亚电缆,21.0866806,20.81761615,21.4653639,20.7677894,4427150,93843793.71,7.1406,-1.276,61999692.0,1290685789.4742258,2026-07-14
2026-03-04,sz.001382,新亚电缆,20.19976445,21.35574505,21.3657104,20.19976445,6998516,148308937.68,11.2879,2.585,62000159.0,1324059588.6634629,2026-07-14
2026-03-05,sz.001382,新亚电缆,21.4255025,21.69456695,22.03338885,21.3657104,10675514,233191215.74,17.2186,1.5866,61999895.0,1345060872.9704702,2026-07-14
2026-03-06,sz.001382,新亚电缆,21.67463625,22.03338885,22.4021068,21.525156,11979131,264323564.26,19.3212,1.5618,61999933.0,1366068632.4629471,2026-07-14
2026-03-09,sz.001382,新亚电缆,21.92377,22.123077,22.37221075,21.8041858,10461979,232339821.2,16.8742,0.4071,61999852.0,1371627499.7846038,2026-07-14
2026-03-10,sz.001382,新亚电缆,22.123077,21.92377,22.13304235,21.7643244,6688881,146928059.23,10.7885,-0.9009,62000102.0,1359275976.22454,2026-07-14
2026-03-11,sz.001382,新亚电缆,21.9835621,22.0034928,22.2227305,21.6248095,5845691,128555752.13,9.4285,0.3636,62000223.0,1364221460.3788943,2026-07-14
2026-03-12,sz.001382,新亚电缆,21.9437007,22.2027998,22.3024533,21.6447402,8521424,188338878.14,13.7442,0.9058,62000146.0,1376576829.2087708,2026-07-14
2026-03-13,sz.001382,新亚电缆,22.123077,22.25262655,22.6014138,21.87394325,9308474,208408256.56,15.0137,0.2244,61999867.0,1379659886.5006688,2026-07-14
2026-03-16,sz.001382,新亚电缆,22.3622454,22.79075545,22.99006245,22.19283445,11721756,265212982.43,18.9061,2.4183,61999862.0,1413023692.7757478,2026-07-14
2026-03-17,sz.001382,新亚电缆,22.71103265,23.78729045,24.66424125,22.3423147,18713034,438936756.79,30.1823,4.3725,62000027.0,1474812650.1568422,2026-07-14
2026-03-18,sz.001382,新亚电缆,23.3787111,25.0329592,26.1690091,23.2591269,28059625,702810870.94,45.2575,5.2367,61999945.0,1552042093.587244,2026-07-14
2026-03-19,sz.001382,新亚电缆,23.94673605,24.315454,24.913375,23.52819135,19471268,471812372.35,31.4053,-2.8662,61999943.0,1507556762.019122,2026-07-14
2026-03-20,sz.001382,新亚电缆,23.8371172,22.322384,24.7539294,22.123077,17460110,407647947.95,28.1615,-8.1967,61999929.0,1383986223.110736,2026-07-14
2026-03-23,sz.001382,新亚电缆,21.1863341,21.2859876,22.27255725,21.126542,12828804,277996203.18,20.3632,-4.6429,62999941.0,1341015962.9267316,2026-07-14
2026-03-24,sz.001382,新亚电缆,21.724463,22.8007208,23.1993348,21.43546785,19248557,435301099.21,30.5533,7.1161,62999928.0,1436443768.7481024,2026-07-14
2026-03-25,sz.001382,新亚电缆,22.81068615,22.89040895,23.2192655,22.6014138,14612756,335976178.62,23.1949,0.3934,62999866.0,1442092696.5352008,2026-07-14
2026-03-26,sz.001382,新亚电缆,22.93027035,22.1629384,23.0199585,22.0234235,9812767,220135265.48,15.5758,-3.1781,63000083.0,1396266958.7238872,2026-07-14
2026-03-27,sz.001382,新亚电缆,21.75435905,22.47186425,22.720998,21.6248095,8167103,182967537.43,12.9637,1.3939,62999784.0,1415722593.827322,2026-07-14
2026-03-30,sz.001382,新亚电缆,22.03338885,21.85401255,22.43200285,20.9870271,8778274,189827959.86,13.9338,-2.7494,62999856.0,1376799643.6721928,2026-07-14
2026-03-31,sz.001382,新亚电缆,21.7842551,21.7643244,22.3423147,21.3657104,7978577,175839553.05,12.6644,-0.4104,63000039.0,1371153286.0086515,2026-07-14
2026-04-01,sz.001382,新亚电缆,22.2027998,22.1031463,22.49179495,21.9437007,7253152,161478531.56,11.5129,1.5568,63000217.0,1392503013.282747,2026-07-14
2026-04-02,sz.001382,新亚电缆,22.05331955,21.67463625,22.720998,21.57498275,7600300,168651559.0,12.064,-1.9387,62999834.0,1365498485.7603824,2026-07-14
2026-04-03,sz.001382,新亚电缆,21.93373535,20.00045745,21.93373535,19.96059605,10268909,210833401.9,16.2999,-7.7241,62999828.0,1260025379.2713184,2026-07-14
2026-04-07,sz.001382,新亚电缆,20.00045745,20.04031885,20.3093833,19.66163555,5202476,104606118.46,8.2579,0.1993,62999988.0,1262539847.0661738,2026-07-14
2026-04-08,sz.001382,新亚电缆,20.4887596,20.6880666,20.7079973,20.29941795,5887219,121472580.42,9.3448,3.2322,62999946.0,1303347078.6444035,2026-07-14
2026-04-09,sz.001382,新亚电缆,20.5086903,19.9506307,20.6083438,19.80115045,6825735,137425239.65,10.8345,-3.5645,63000000.0,1256889734.1000001,2026-07-14
2026-04-10,sz.001382,新亚电缆,20.1100763,20.0502842,20.2894526,19.9506307,4864831,98270337.82,7.722,0.4995,62999624.0,1263160365.6931407,2026-07-14
2026-04-13,sz.001382,新亚电缆,19.9107693,20.06024955,20.08018025,19.76128905,4499569,89851687.97,7.1422,0.0497,62999762.0,1263790947.3106072,2026-07-14
2026-04-14,sz.001382,新亚电缆,20.10011095,19.92073465,20.1499377,19.74135835,4509508,90040680.59,7.1579,-0.6955,63000433.0,1255014908.6281035,2026-07-14
2026-04-15,sz.001382,新亚电缆,19.9307,20.27948725,20.51865565,19.8509772,8086821,164660163.89,12.8362,1.8009,63000117.0,1277610069.4500082,2026-07-14
2026-04-16,sz.001382,新亚电缆,20.2894526,20.3093833,20.329314,19.9506307,4448989,90034578.6,7.0619,0.1474,62999887.0,1279488852.939687,2026-07-14
2026-04-17,sz.001382,新亚电缆,20.23962585,20.15990305,20.47879425,20.0303535,3446533,69700762.22,5.4707,-0.736,62999854.0,1270070948.8041546,2026-07-14
2026-04-20,sz.001382,新亚电缆,20.1698684,20.95713105,21.11657665,20.0303535,9364985,194471699.45,14.8651,3.9545,62999812.0,1320295316.2093627,2026-07-14
2026-04-21,sz.001382,新亚电缆,20.8275815,20.57844775,20.9073043,20.329314,5827900,119778170.0,9.2506,-1.8069,63000238.0,1296447105.9205644,2026-07-14
2026-04-22,sz.001382,新亚电缆,20.4289675,20.59837845,20.59837845,20.33927935,3512054,72233831.26,5.5747,0.0969,62999874.0,1297695246.9543152,2026-07-14
2026-04-23,sz.001382,新亚电缆,20.6880666,20.33927935,20.8475122,20.06024955,4978328,101697194.66,7.9021,-1.2579,63000063.0,1281375880.4245992,2026-07-14
2026-04-24,sz.001382,新亚电缆,20.15990305,20.15990305,20.4289675,19.9904921,3807259,77095164.08,6.0433,-0.8819,62999669.0,1270067219.2220905,2026-07-14
2026-04-27,sz.001382,新亚电缆,20.1698684,20.2495912,20.2695219,19.8509772,3067292,61940033.63,4.8687,0.4449,63000226.0,1275728822.0076113,2026-07-14
2026-04-28,sz.001382,新亚电缆,20.130007,19.9107693,20.21969515,19.88087325,3653598,73254466.35,5.7994,-1.6732,62999586.0,1254370222.8415096,2026-07-14
2026-04-29,sz.001382,新亚电缆,19.86094255,20.1499377,20.2097298,19.8111158,2968979,59827096.27,4.7127,1.2012,62999533.0,1269436665.079094,2026-07-14
2026-04-30,sz.001382,新亚电缆,20.2296605,19.9904921,20.2296605,19.96059605,2660586,53469645.3,4.2232,-0.7913,62999290.0,1259386809.050609,2026-07-14
2026-05-06,sz.001382,新亚电缆,20.0104228,20.31934865,20.3891061,20.0104228,4180229,84859492.36,6.6353,1.6451,62999849.0,1280115896.7283537,2026-07-14
2026-05-07,sz.001382,新亚电缆,20.47879425,20.57844775,20.5884131,20.2894526,5026311,103358122.83,7.9783,1.2751,62999774.0,1296437557.5208085,2026-07-14
2026-05-08,sz.001382,新亚电缆,20.528621,20.8076508,20.81761615,20.39907145,4816937,99739370.38,7.6459,1.1138,63000262.0,1310887452.0045097,2026-07-14
2026-05-11,sz.001382,新亚电缆,20.927235,20.7677894,20.97706175,20.5884131,4554904,94771187.26,7.23,-0.1916,63000055.0,1308371874.4284172,2026-07-14
2026-05-12,sz.001382,新亚电缆,20.8076508,21.5849481,21.724463,20.7079973,11759327,252403915.66,18.6656,3.9347,62999995.0,1359851622.3752594,2026-07-14
2026-05-13,sz.001382,新亚电缆,21.525156,22.8804436,23.74742905,21.325849,17317954,389653963.22,27.4888,6.0018,63000036.0,1441468770.4959695,2026-07-14
2026-05-14,sz.001382,新亚电缆,22.8206515,21.91380465,22.8206515,21.8041858,11272573,250477379.83,17.893,-4.2247,62999905.0,1380567611.1385581,2026-07-14
2026-05-15,sz.001382,新亚电缆,21.92377,21.5849481,22.123077,21.5052253,6695815,146176211.43,10.6283,-1.5007,62999868.0,1359848881.0868506,2026-07-14
2026-05-18,sz.001382,新亚电缆,21.525156,21.724463,21.77428975,21.3457797,4596422,99573863.91,7.2959,0.6464,63000069.0,1368642667.987947,2026-07-14
2026-05-19,sz.001382,新亚电缆,21.6248095,21.9437007,21.95366605,21.41553715,5463049,118940440.01,8.6715,1.0092,63000046.0,1382454153.5102322,2026-07-14
2026-05-20,sz.001382,新亚电缆,21.92377,21.3457797,21.9437007,21.1863341,4774030,102910391.69,7.5778,-2.7248,63000211.0,1344788625.0595167,2026-07-14
2026-05-21,sz.001382,新亚电缆,21.31588365,20.3691754,21.525156,20.3093833,5775890,121540496.8,9.1681,-4.5752,62999858.0,1283255157.7770932,2026-07-14
2026-05-22,sz.001382,新亚电缆,20.4289675,20.6681359,20.77775475,20.35921005,2743726,56742321.86,4.3551,1.4677,63000299.0,1302098741.472634,2026-07-14
2026-05-25,sz.001382,新亚电缆,20.6282745,20.3691754,21.07671525,20.23962585,3272162,67523500.5,5.1939,-1.4465,63000096.0,1283260005.6408384,2026-07-14
2026-05-26,sz.001382,新亚电缆,20.39907145,20.130007,20.39907145,19.88087325,3864530,77705092.87,6.1342,-1.1742,62999739.0,1268185187.068173,2026-07-14
2026-05-27,sz.001382,新亚电缆,20.2,20.29,20.41,20.05,2707300,54692366.36,4.2973,0.7948,63000023.0,1278270466.6699998,2026-07-14
2026-05-28,sz.001382,新亚电缆,20.3,20.97,20.98,20.22,4382912,90407225.28,6.957,3.3514,63000029.0,1321110608.1299999,2026-07-14
2026-05-29,sz.001382,新亚电缆,20.9,20.56,20.97,20.46,3908071,80844230.47,6.2033,-1.9552,62999871.0,1295277347.76,2026-07-14
2026-06-01,sz.001382,新亚电缆,20.46,21.04,21.06,20.3,4041166,84390579.94,6.4145,2.3346,63000483.0,1325530162.32,2026-07-14
2026-06-02,sz.001382,新亚电缆,21.1,21.62,21.91,20.65,5790770,123226908.69,9.1917,2.7567,62999989.0,1362059762.18,2026-07-14
2026-06-03,sz.001382,新亚电缆,21.41,21.83,21.96,21.22,5903041,127869426.77,9.3699,0.9713,63000043.0,1375290938.6899998,2026-07-14
2026-06-04,sz.001382,新亚电缆,21.93,20.9,21.93,20.84,4900040,104294640.95,7.7778,-4.2602,63000334.0,1316706980.6,2026-07-14
2026-06-05,sz.001382,新亚电缆,20.9,20.46,20.9,20.28,3862198,79363970.1,6.1305,-2.1053,62999723.0,1288974332.5800002,2026-07-14
2026-06-08,sz.001382,新亚电缆,19.99,20.21,20.44,19.96,3153366,63598347.98,5.0053,-1.2219,63000539.0,1273240893.19,2026-07-14
2026-06-09,sz.001382,新亚电缆,20.18,20.38,20.43,19.91,2828218,56975799.82,4.4892,0.8412,63000490.0,1283949986.2,2026-07-14
2026-06-10,sz.001382,新亚电缆,20.28,20.2,20.28,19.96,2931751,58894271.68,4.6536,-0.8832,62999635.0,1272592627.0,2026-07-14
2026-06-11,sz.001382,新亚电缆,20.01,20.42,20.45,20.01,2090668,42276056.0,3.3185,1.0891,63000392.0,1286468004.64,2026-07-14
2026-06-12,sz.001382,新亚电缆,20.59,20.58,20.6,20.22,2728720,55776346.58,4.3313,0.7835,63000023.0,1296540473.34,2026-07-14
2026-06-15,sz.001382,新亚电缆,20.56,20.62,20.79,20.44,3172366,65409662.96,5.0355,0.1944,63000020.0,1299060412.4,2026-07-14
2026-06-16,sz.001382,新亚电缆,20.49,20.2,20.59,20.14,2983687,60413584.33,4.736,-2.0369,63000148.0,1272602989.6,2026-07-14
2026-06-17,sz.001382,新亚电缆,20.14,20.03,20.2,19.99,2636613,52789914.34,4.1851,-0.8416,63000000.0,1261890000.0,2026-07-14
2026-06-18,sz.001382,新亚电缆,20.06,20.08,20.17,19.87,2237850,44734508.84,3.5521,0.2496,63000760.0,1265055260.8,2026-07-14
2026-06-22,sz.001382,新亚电缆,20.1,18.33,20.12,18.07,8193367,151477094.4,13.0053,-8.7151,63000215.0,1154793940.9499998,2026-07-14
2026-06-23,sz.001382,新亚电缆,18.36,17.6,18.36,17.58,4527511,80989416.1,7.1865,-3.9825,63000223.0,1108803924.8000002,2026-07-14
2026-06-24,sz.001382,新亚电缆,17.56,17.0,17.59,16.86,4626712,79284938.96,7.344,-3.4091,62999891.0,1070998147.0,2026-07-14
2026-06-25,sz.001382,新亚电缆,16.81,16.32,16.97,16.18,4620380,75699405.38,7.3339,-4.0,63000314.0,1028165124.48,2026-07-14
2026-06-26,sz.001382,新亚电缆,16.29,15.7,16.38,15.68,3543704,56301831.74,5.6249,-3.799,63000302.0,989104741.4,2026-07-14
2026-06-29,sz.001382,新亚电缆,15.66,15.78,15.94,15.39,3267001,51401754.84,5.1857,0.5096,63000193.0,994143045.54,2026-07-14
2026-06-30,sz.001382,新亚电缆,15.82,15.64,15.82,15.47,2583500,40358259.0,4.1008,-0.8872,62999902.0,985318467.2800001,2026-07-14
2026-07-01,sz.001382,新亚电缆,15.6,15.78,15.89,15.41,3280742,51378452.56,5.2075,0.8951,63000326.0,994145144.28,2026-07-14
2026-07-02,sz.001382,新亚电缆,15.75,15.86,16.08,15.6,3035375,48313796.21,4.8181,0.507,62999419.0,999170785.3399999,2026-07-14
2026-07-03,sz.001382,新亚电缆,15.92,16.39,16.65,15.87,4331366,70697677.7,6.8752,3.3417,62999855.0,1032567623.45,2026-07-14
2026-07-06,sz.001382,新亚电缆,16.26,16.0,16.37,15.91,2829368,45458394.6,4.4911,-2.3795,62999443.0,1007991088.0,2026-07-14
2026-07-07,sz.001382,新亚电缆,15.95,15.28,15.99,15.28,2476100,38470431.34,3.9303,-4.5,63000280.0,962644278.4,2026-07-14
2026-07-08,sz.001382,新亚电缆,15.29,15.02,15.44,14.96,2088500,31630458.0,3.3151,-1.7016,62999608.0,946254112.16,2026-07-14
2026-07-09,sz.001382,新亚电缆,15.03,14.87,15.1,14.55,2824963,41759443.6,4.4841,-0.9987,62999554.0,936803367.9799999,2026-07-14
2026-07-10,sz.001382,新亚电缆,14.9,15.12,15.35,14.7,2318779,35006942.49,3.6806,1.6812,63000027.0,952560408.24,2026-07-14
2026-07-13,sz.001382,新亚电缆,15.08,14.69,15.15,14.64,1920372,28412148.39,3.0482,-2.8439,63000197.0,925472893.93,2026-07-14
