日期,指数代码,指数名称,成分券代码,成分券名称,交易所
2026-07-13,000852,中证1000,000012,南  玻A,深圳证券交易所
2026-07-13,000852,中证1000,000028,国药一致,深圳证券交易所
2026-07-13,000852,中证1000,000029,深深房A,深圳证券交易所
2026-07-13,000852,中证1000,000030,富奥股份,深圳证券交易所
2026-07-13,000852,中证1000,000035,中国天楹,深圳证券交易所
2026-07-13,000852,中证1000,000048,京基智农,深圳证券交易所
2026-07-13,000852,中证1000,000049,德赛电池,深圳证券交易所
2026-07-13,000852,中证1000,000058,深赛格,深圳证券交易所
2026-07-13,000852,中证1000,000059,华锦股份,深圳证券交易所
2026-07-13,000852,中证1000,000061,农 产 品,深圳证券交易所
2026-07-13,000852,中证1000,000065,北方国际,深圳证券交易所
2026-07-13,000852,中证1000,000089,深圳机场,深圳证券交易所
2026-07-13,000852,中证1000,000099,中信海直,深圳证券交易所
2026-07-13,000852,中证1000,000156,华数传媒,深圳证券交易所
2026-07-13,000852,中证1000,000403,派林生物,深圳证券交易所
2026-07-13,000852,中证1000,000420,吉林化纤,深圳证券交易所
2026-07-13,000852,中证1000,000422,湖北宜化,深圳证券交易所
2026-07-13,000852,中证1000,000498,山东路桥,深圳证券交易所
2026-07-13,000852,中证1000,000503,国新健康,深圳证券交易所
2026-07-13,000852,中证1000,000506,招金黄金,深圳证券交易所
2026-07-13,000852,中证1000,000534,万泽股份,深圳证券交易所
2026-07-13,000852,中证1000,000543,皖能电力,深圳证券交易所
2026-07-13,000852,中证1000,000550,江铃汽车,深圳证券交易所
2026-07-13,000852,中证1000,000552,甘肃能化,深圳证券交易所
2026-07-13,000852,中证1000,000555,神州信息,深圳证券交易所
2026-07-13,000852,中证1000,000563,陕国投A,深圳证券交易所
2026-07-13,000852,中证1000,000567,海德股份,深圳证券交易所
2026-07-13,000852,中证1000,000581,威孚高科,深圳证券交易所
2026-07-13,000852,中证1000,000600,建投能源,深圳证券交易所
2026-07-13,000852,中证1000,000603,盛达资源,深圳证券交易所
2026-07-13,000852,中证1000,000612,焦作万方,深圳证券交易所
2026-07-13,000852,中证1000,000620,盈新发展,深圳证券交易所
2026-07-13,000852,中证1000,000628,高新发展,深圳证券交易所
2026-07-13,000852,中证1000,000636,风华高科,深圳证券交易所
2026-07-13,000852,中证1000,000650,仁和药业,深圳证券交易所
2026-07-13,000852,中证1000,000672,上峰材料,深圳证券交易所
2026-07-13,000852,中证1000,000676,智度股份,深圳证券交易所
2026-07-13,000852,中证1000,000680,山推股份,深圳证券交易所
2026-07-13,000852,中证1000,000681,视觉中国,深圳证券交易所
2026-07-13,000852,中证1000,000682,东方电子,深圳证券交易所
2026-07-13,000852,中证1000,000685,中山公用,深圳证券交易所
2026-07-13,000852,中证1000,000686,东北证券,深圳证券交易所
2026-07-13,000852,中证1000,000688,国城矿业,深圳证券交易所
2026-07-13,000852,中证1000,000690,宝新能源,深圳证券交易所
2026-07-13,000852,中证1000,000712,锦龙股份,深圳证券交易所
2026-07-13,000852,中证1000,000719,中原传媒,深圳证券交易所
2026-07-13,000852,中证1000,000727,冠捷科技,深圳证券交易所
2026-07-13,000852,中证1000,000758,中色股份,深圳证券交易所
2026-07-13,000852,中证1000,000762,西藏矿业,深圳证券交易所
2026-07-13,000852,中证1000,000766,通化金马,深圳证券交易所
2026-07-13,000852,中证1000,000767,晋控电力,深圳证券交易所
2026-07-13,000852,中证1000,000778,新兴铸管,深圳证券交易所
2026-07-13,000852,中证1000,000791,甘肃能源,深圳证券交易所
2026-07-13,000852,中证1000,000795,英洛华,深圳证券交易所
2026-07-13,000852,中证1000,000801,四川九洲,深圳证券交易所
2026-07-13,000852,中证1000,000810,创维数字,深圳证券交易所
2026-07-13,000852,中证1000,000811,冰轮环境,深圳证券交易所
2026-07-13,000852,中证1000,000813,德展健康,深圳证券交易所
2026-07-13,000852,中证1000,000828,东莞控股,深圳证券交易所
2026-07-13,000852,中证1000,000829,天音控股,深圳证券交易所
2026-07-13,000852,中证1000,000833,粤桂股份,深圳证券交易所
2026-07-13,000852,中证1000,000837,秦川机床,深圳证券交易所
2026-07-13,000852,中证1000,000848,承德露露,深圳证券交易所
2026-07-13,000852,中证1000,000860,顺鑫农业,深圳证券交易所
2026-07-13,000852,中证1000,000875,电投绿能,深圳证券交易所
2026-07-13,000852,中证1000,000880,潍柴重机,深圳证券交易所
2026-07-13,000852,中证1000,000885,城发环境,深圳证券交易所
2026-07-13,000852,中证1000,000899,赣能股份,深圳证券交易所
2026-07-13,000852,中证1000,000901,航天科技,深圳证券交易所
2026-07-13,000852,中证1000,000902,新洋丰,深圳证券交易所
2026-07-13,000852,中证1000,000913,钱江摩托,深圳证券交易所
2026-07-13,000852,中证1000,000917,电广传媒,深圳证券交易所
2026-07-13,000852,中证1000,000923,河钢资源,深圳证券交易所
2026-07-13,000852,中证1000,000927,中国铁物,深圳证券交易所
2026-07-13,000852,中证1000,000928,中钢国际,深圳证券交易所
2026-07-13,000852,中证1000,000930,中粮科技,深圳证券交易所
2026-07-13,000852,中证1000,000935,四川双马,深圳证券交易所
2026-07-13,000852,中证1000,000950,重药控股,深圳证券交易所
2026-07-13,000852,中证1000,000962,东方钽业,深圳证券交易所
2026-07-13,000852,中证1000,000966,长源电力,深圳证券交易所
2026-07-13,000852,中证1000,000969,安泰科技,深圳证券交易所
2026-07-13,000852,中证1000,000970,中科三环,深圳证券交易所
2026-07-13,000852,中证1000,000973,佛塑科技,深圳证券交易所
2026-07-13,000852,中证1000,000990,诚志股份,深圳证券交易所
2026-07-13,000852,中证1000,000998,隆平高科,深圳证券交易所
2026-07-13,000852,中证1000,001227,兰州银行,深圳证券交易所
2026-07-13,000852,中证1000,001233,海安集团,深圳证券交易所
2026-07-13,000852,中证1000,001236,弘业期货,深圳证券交易所
2026-07-13,000852,中证1000,001267,汇绿生态,深圳证券交易所
2026-07-13,000852,中证1000,001287,中电港,深圳证券交易所
2026-07-13,000852,中证1000,001301,尚太科技,深圳证券交易所
2026-07-13,000852,中证1000,001337,四川黄金,深圳证券交易所
2026-07-13,000852,中证1000,001339,智微智能,深圳证券交易所
2026-07-13,000852,中证1000,001359,平安电工,深圳证券交易所
2026-07-13,000852,中证1000,001369,双欣材料,深圳证券交易所
2026-07-13,000852,中证1000,001382,新亚电缆,深圳证券交易所
2026-07-13,000852,中证1000,001896,豫能控股,深圳证券交易所
2026-07-13,000852,中证1000,001914,招商积余,深圳证券交易所
2026-07-13,000852,中证1000,002003,伟星股份,深圳证券交易所
2026-07-13,000852,中证1000,002004,华邦健康,深圳证券交易所
2026-07-13,000852,中证1000,002006,精工科技,深圳证券交易所
2026-07-13,000852,中证1000,002010,传化智联,深圳证券交易所
2026-07-13,000852,中证1000,002011,盾安环境,深圳证券交易所
2026-07-13,000852,中证1000,002015,协鑫能科,深圳证券交易所
2026-07-13,000852,中证1000,002017,东信和平,深圳证券交易所
2026-07-13,000852,中证1000,002019,亿帆医药,深圳证券交易所
2026-07-13,000852,中证1000,002020,京新药业,深圳证券交易所
2026-07-13,000852,中证1000,002023,海特高新,深圳证券交易所
2026-07-13,000852,中证1000,002036,联创电子,深圳证券交易所
2026-07-13,000852,中证1000,002041,登海种业,深圳证券交易所
2026-07-13,000852,中证1000,002043,兔宝宝,深圳证券交易所
2026-07-13,000852,中证1000,002045,国光电器,深圳证券交易所
2026-07-13,000852,中证1000,002046,国机精工,深圳证券交易所
2026-07-13,000852,中证1000,002048,宁波华翔,深圳证券交易所
2026-07-13,000852,中证1000,002051,中工国际,深圳证券交易所
2026-07-13,000852,中证1000,002053,云南能投,深圳证券交易所
2026-07-13,000852,中证1000,002060,广东建工,深圳证券交易所
2026-07-13,000852,中证1000,002061,浙江交科,深圳证券交易所
2026-07-13,000852,中证1000,002063,远光软件,深圳证券交易所
2026-07-13,000852,中证1000,002073,软控股份,深圳证券交易所
2026-07-13,000852,中证1000,002075,沙钢股份,深圳证券交易所
2026-07-13,000852,中证1000,002077,大港股份,深圳证券交易所
2026-07-13,000852,中证1000,002081,金螳螂,深圳证券交易所
2026-07-13,000852,中证1000,002091,江苏国泰,深圳证券交易所
2026-07-13,000852,中证1000,002093,国脉科技,深圳证券交易所
2026-07-13,000852,中证1000,002096,易普力,深圳证券交易所
2026-07-13,000852,中证1000,002097,山河智能,深圳证券交易所
2026-07-13,000852,中证1000,002099,海翔药业,深圳证券交易所
2026-07-13,000852,中证1000,002100,天康生物,深圳证券交易所
2026-07-13,000852,中证1000,002101,广东鸿图,深圳证券交易所
2026-07-13,000852,中证1000,002104,恒宝股份,深圳证券交易所
2026-07-13,000852,中证1000,002110,三钢闽光,深圳证券交易所
2026-07-13,000852,中证1000,002121,科陆电子,深圳证券交易所
2026-07-13,000852,中证1000,002123,梦网科技,深圳证券交易所
2026-07-13,000852,中证1000,002125,湘潭电化,深圳证券交易所
2026-07-13,000852,中证1000,002127,南极电商,深圳证券交易所
2026-07-13,000852,中证1000,002139,拓邦股份,深圳证券交易所
2026-07-13,000852,中证1000,002145,钛能化学,深圳证券交易所
2026-07-13,000852,中证1000,002149,西部材料,深圳证券交易所
2026-07-13,000852,中证1000,002151,北斗星通,深圳证券交易所
2026-07-13,000852,中证1000,002158,汉钟精机,深圳证券交易所
2026-07-13,000852,中证1000,002163,海南发展,深圳证券交易所
2026-07-13,000852,中证1000,002170,芭田股份,深圳证券交易所
2026-07-13,000852,中证1000,002171,楚江新材,深圳证券交易所
2026-07-13,000852,中证1000,002174,游族网络,深圳证券交易所
2026-07-13,000852,中证1000,002176,江特电机,深圳证券交易所
2026-07-13,000852,中证1000,002181,粤传媒,深圳证券交易所
2026-07-13,000852,中证1000,002182,宝武镁业,深圳证券交易所
2026-07-13,000852,中证1000,002183,怡亚通,深圳证券交易所
2026-07-13,000852,中证1000,002192,融捷股份,深圳证券交易所
2026-07-13,000852,中证1000,002194,武汉凡谷,深圳证券交易所
2026-07-13,000852,中证1000,002204,大连重工,深圳证券交易所
2026-07-13,000852,中证1000,002212,天融信,深圳证券交易所
2026-07-13,000852,中证1000,002215,诺普信,深圳证券交易所
2026-07-13,000852,中证1000,002216,三全食品,深圳证券交易所
2026-07-13,000852,中证1000,002221,东华能源,深圳证券交易所
2026-07-13,000852,中证1000,002222,福晶科技,深圳证券交易所
2026-07-13,000852,中证1000,002226,江南化工,深圳证券交易所
2026-07-13,000852,中证1000,002233,塔牌集团,深圳证券交易所
2026-07-13,000852,中证1000,002237,恒邦股份,深圳证券交易所
2026-07-13,000852,中证1000,002239,奥特佳,深圳证券交易所
2026-07-13,000852,中证1000,002243,力合科创,深圳证券交易所
2026-07-13,000852,中证1000,002245,蔚蓝锂芯,深圳证券交易所
2026-07-13,000852,中证1000,002246,北化股份,深圳证券交易所
2026-07-13,000852,中证1000,002249,大洋电机,深圳证券交易所
2026-07-13,000852,中证1000,002250,联化科技,深圳证券交易所
2026-07-13,000852,中证1000,002251,步步高,深圳证券交易所
2026-07-13,000852,中证1000,002254,泰和新材,深圳证券交易所
2026-07-13,000852,中证1000,002258,利尔化学,深圳证券交易所
2026-07-13,000852,中证1000,002267,陕天然气,深圳证券交易所
2026-07-13,000852,中证1000,002268,电科网安,深圳证券交易所
2026-07-13,000852,中证1000,002270,华明装备,深圳证券交易所
2026-07-13,000852,中证1000,002276,万马股份,深圳证券交易所
2026-07-13,000852,中证1000,002287,奇正藏药,深圳证券交易所
2026-07-13,000852,中证1000,002290,禾盛新材,深圳证券交易所
2026-07-13,000852,中证1000,002292,奥飞娱乐,深圳证券交易所
2026-07-13,000852,中证1000,002315,焦点科技,深圳证券交易所
2026-07-13,000852,中证1000,002317,众生药业,深圳证券交易所
2026-07-13,000852,中证1000,002320,海峡股份,深圳证券交易所
2026-07-13,000852,中证1000,002324,普利特,深圳证券交易所
2026-07-13,000852,中证1000,002326,永太科技,深圳证券交易所
2026-07-13,000852,中证1000,002332,仙琚制药,深圳证券交易所
2026-07-13,000852,中证1000,002338,奥普光电,深圳证券交易所
2026-07-13,000852,中证1000,002345,潮宏基,深圳证券交易所
2026-07-13,000852,中证1000,002351,漫步者,深圳证券交易所
2026-07-13,000852,中证1000,002354,天娱数科,深圳证券交易所
2026-07-13,000852,中证1000,002364,中恒电气,深圳证券交易所
2026-07-13,000852,中证1000,002368,太极股份,深圳证券交易所
2026-07-13,000852,中证1000,002372,伟星新材,深圳证券交易所
2026-07-13,000852,中证1000,002373,千方科技,深圳证券交易所
2026-07-13,000852,中证1000,002378,章源钨业,深圳证券交易所
2026-07-13,000852,中证1000,002389,航天彩虹,深圳证券交易所
2026-07-13,000852,中证1000,002396,星网锐捷,深圳证券交易所
2026-07-13,000852,中证1000,002400,省广集团,深圳证券交易所
2026-07-13,000852,中证1000,002405,四维图新,深圳证券交易所
2026-07-13,000852,中证1000,002408,齐翔腾达,深圳证券交易所
2026-07-13,000852,中证1000,002416,爱施德,深圳证券交易所
2026-07-13,000852,中证1000,002428,云南锗业,深圳证券交易所
2026-07-13,000852,中证1000,002434,万里扬,深圳证券交易所
2026-07-13,000852,中证1000,002456,欧菲光,深圳证券交易所
2026-07-13,000852,中证1000,002458,益生股份,深圳证券交易所
2026-07-13,000852,中证1000,002468,申通快递,深圳证券交易所
2026-07-13,000852,中证1000,002484,江海股份,深圳证券交易所
2026-07-13,000852,中证1000,002488,金固股份,深圳证券交易所
2026-07-13,000852,中证1000,002497,雅化集团,深圳证券交易所
2026-07-13,000852,中证1000,002498,汉缆股份,深圳证券交易所
2026-07-13,000852,中证1000,002506,协鑫集成,深圳证券交易所
2026-07-13,000852,中证1000,002507,涪陵榨菜,深圳证券交易所
2026-07-13,000852,中证1000,002511,中顺洁柔,深圳证券交易所
2026-07-13,000852,中证1000,002516,旷达科技,深圳证券交易所
2026-07-13,000852,中证1000,002518,科士达,深圳证券交易所
2026-07-13,000852,中证1000,002531,天顺风能,深圳证券交易所
2026-07-13,000852,中证1000,002534,西子洁能,深圳证券交易所
2026-07-13,000852,中证1000,002536,飞龙股份,深圳证券交易所
2026-07-13,000852,中证1000,002537,海联金汇,深圳证券交易所
2026-07-13,000852,中证1000,002539,云图控股,深圳证券交易所
2026-07-13,000852,中证1000,002541,鸿路钢构,深圳证券交易所
2026-07-13,000852,中证1000,002544,普天科技,深圳证券交易所
2026-07-13,000852,中证1000,002545,东方铁塔,深圳证券交易所
2026-07-13,000852,中证1000,002549,凯美特气,深圳证券交易所
2026-07-13,000852,中证1000,002550,千红制药,深圳证券交易所
2026-07-13,000852,中证1000,002557,洽洽食品,深圳证券交易所
2026-07-13,000852,中证1000,002563,森马服饰,深圳证券交易所
2026-07-13,000852,中证1000,002572,索菲亚,深圳证券交易所
2026-07-13,000852,中证1000,002588,史丹利,深圳证券交易所
2026-07-13,000852,中证1000,002597,金禾实业,深圳证券交易所
2026-07-13,000852,中证1000,002605,姚记科技,深圳证券交易所
2026-07-13,000852,中证1000,002611,东方精工,深圳证券交易所
2026-07-13,000852,中证1000,002617,露笑科技,深圳证券交易所
2026-07-13,000852,中证1000,002626,金达威,深圳证券交易所
2026-07-13,000852,中证1000,002635,安洁科技,深圳证券交易所
2026-07-13,000852,中证1000,002636,金安国纪,深圳证券交易所
2026-07-13,000852,中证1000,002639,雪人集团,深圳证券交易所
2026-07-13,000852,中证1000,002643,万润股份,深圳证券交易所
2026-07-13,000852,中证1000,002651,利君股份,深圳证券交易所
2026-07-13,000852,中证1000,002654,万润科技,深圳证券交易所
2026-07-13,000852,中证1000,002668,TCL智家,深圳证券交易所
2026-07-13,000852,中证1000,002675,东诚药业,深圳证券交易所
2026-07-13,000852,中证1000,002681,奋达科技,深圳证券交易所
2026-07-13,000852,中证1000,002690,美亚光电,深圳证券交易所
2026-07-13,000852,中证1000,002698,博实股份,深圳证券交易所
2026-07-13,000852,中证1000,002701,奥瑞金,深圳证券交易所
2026-07-13,000852,中证1000,002705,新宝股份,深圳证券交易所
2026-07-13,000852,中证1000,002706,良信股份,深圳证券交易所
2026-07-13,000852,中证1000,002716,湖南白银,深圳证券交易所
2026-07-13,000852,中证1000,002727,一心堂,深圳证券交易所
2026-07-13,000852,中证1000,002737,葵花药业,深圳证券交易所
2026-07-13,000852,中证1000,002745,木林森,深圳证券交易所
2026-07-13,000852,中证1000,002747,埃斯顿,深圳证券交易所
2026-07-13,000852,中证1000,002755,奥赛康,深圳证券交易所
2026-07-13,000852,中证1000,002761,浙江建投,深圳证券交易所
2026-07-13,000852,中证1000,002768,国恩股份,深圳证券交易所
2026-07-13,000852,中证1000,002779,中坚科技,深圳证券交易所
2026-07-13,000852,中证1000,002807,江阴银行,深圳证券交易所
2026-07-13,000852,中证1000,002815,崇达技术,深圳证券交易所
2026-07-13,000852,中证1000,002827,高争民爆,深圳证券交易所
2026-07-13,000852,中证1000,002832,比音勒芬,深圳证券交易所
2026-07-13,000852,中证1000,002838,道恩股份,深圳证券交易所
2026-07-13,000852,中证1000,002839,张家港行,深圳证券交易所
2026-07-13,000852,中证1000,002840,华统股份,深圳证券交易所
2026-07-13,000852,中证1000,002847,盐津铺子,深圳证券交易所
2026-07-13,000852,中证1000,002859,洁美科技,深圳证券交易所
2026-07-13,000852,中证1000,002867,周大生,深圳证券交易所
2026-07-13,000852,中证1000,002881,美格智能,深圳证券交易所
2026-07-13,000852,中证1000,002882,金龙羽,深圳证券交易所
2026-07-13,000852,中证1000,002891,中宠股份,深圳证券交易所
2026-07-13,000852,中证1000,002892,科力尔,深圳证券交易所
2026-07-13,000852,中证1000,002895,川恒股份,深圳证券交易所
2026-07-13,000852,中证1000,002896,中大力德,深圳证券交易所
2026-07-13,000852,中证1000,002897,意华股份,深圳证券交易所
2026-07-13,000852,中证1000,002901,大博医疗,深圳证券交易所
2026-07-13,000852,中证1000,002906,华阳集团,深圳证券交易所
2026-07-13,000852,中证1000,002911,佛燃能源,深圳证券交易所
2026-07-13,000852,中证1000,002913,奥士康,深圳证券交易所
2026-07-13,000852,中证1000,002922,伊戈尔,深圳证券交易所
2026-07-13,000852,中证1000,002925,盈趣科技,深圳证券交易所
2026-07-13,000852,中证1000,002928,华夏航空,深圳证券交易所
2026-07-13,000852,中证1000,002929,润建股份,深圳证券交易所
2026-07-13,000852,中证1000,002936,郑州银行,深圳证券交易所
2026-07-13,000852,中证1000,002941,新疆交建,深圳证券交易所
2026-07-13,000852,中证1000,002946,新乳业,深圳证券交易所
2026-07-13,000852,中证1000,002947,恒铭达,深圳证券交易所
2026-07-13,000852,中证1000,002948,青岛银行,深圳证券交易所
2026-07-13,000852,中证1000,002958,青农商行,深圳证券交易所
2026-07-13,000852,中证1000,002960,青鸟智控,深圳证券交易所
2026-07-13,000852,中证1000,002961,瑞达期货,深圳证券交易所
2026-07-13,000852,中证1000,002965,祥鑫科技,深圳证券交易所
2026-07-13,000852,中证1000,002967,广电计量,深圳证券交易所
2026-07-13,000852,中证1000,002978,安宁股份,深圳证券交易所
2026-07-13,000852,中证1000,002979,雷赛智能,深圳证券交易所
2026-07-13,000852,中证1000,002985,北摩高科,深圳证券交易所
2026-07-13,000852,中证1000,002987,京北方,深圳证券交易所
2026-07-13,000852,中证1000,002993,奥海科技,深圳证券交易所
2026-07-13,000852,中证1000,003006,百亚股份,深圳证券交易所
2026-07-13,000852,中证1000,003010,若羽臣,深圳证券交易所
2026-07-13,000852,中证1000,003039,顺控发展,深圳证券交易所
2026-07-13,000852,中证1000,300007,汉威科技,深圳证券交易所
2026-07-13,000852,中证1000,300008,天海防务,深圳证券交易所
2026-07-13,000852,中证1000,300009,安科生物,深圳证券交易所
2026-07-13,000852,中证1000,300026,红日药业,深圳证券交易所
2026-07-13,000852,中证1000,300031,宝通科技,深圳证券交易所
2026-07-13,000852,中证1000,300034,钢研高纳,深圳证券交易所
2026-07-13,000852,中证1000,300035,中科电气,深圳证券交易所
2026-07-13,000852,中证1000,300036,超图软件,深圳证券交易所
2026-07-13,000852,中证1000,300045,华力创通,深圳证券交易所
2026-07-13,000852,中证1000,300047,天源迪科,深圳证券交易所
2026-07-13,000852,中证1000,300049,福瑞医科,深圳证券交易所
2026-07-13,000852,中证1000,300065,海兰信,深圳证券交易所
2026-07-13,000852,中证1000,300070,碧水源,深圳证券交易所
2026-07-13,000852,中证1000,300075,数字政通,深圳证券交易所
2026-07-13,000852,中证1000,300077,国民技术,深圳证券交易所
2026-07-13,000852,中证1000,300080,易成新能,深圳证券交易所
2026-07-13,000852,中证1000,300083,创世纪,深圳证券交易所
2026-07-13,000852,中证1000,300085,银之杰,深圳证券交易所
2026-07-13,000852,中证1000,300088,长信科技,深圳证券交易所
2026-07-13,000852,中证1000,300098,高新兴,深圳证券交易所
2026-07-13,000852,中证1000,300101,振芯科技,深圳证券交易所
2026-07-13,000852,中证1000,300102,乾照光电,深圳证券交易所
2026-07-13,000852,中证1000,300113,顺网科技,深圳证券交易所
2026-07-13,000852,中证1000,300119,瑞普生物,深圳证券交易所
2026-07-13,000852,中证1000,300127,银河磁体,深圳证券交易所
2026-07-13,000852,中证1000,300130,新国都,深圳证券交易所
2026-07-13,000852,中证1000,300131,英唐智控,深圳证券交易所
2026-07-13,000852,中证1000,300133,华策影视,深圳证券交易所
2026-07-13,000852,中证1000,300134,大富科技,深圳证券交易所
2026-07-13,000852,中证1000,300153,科泰电源,深圳证券交易所
2026-07-13,000852,中证1000,300166,东方国信,深圳证券交易所
2026-07-13,000852,中证1000,300170,汉得信息,深圳证券交易所
2026-07-13,000852,中证1000,300171,东富龙,深圳证券交易所
2026-07-13,000852,中证1000,300180,华峰超纤,深圳证券交易所
2026-07-13,000852,中证1000,300181,佐力药业,深圳证券交易所
2026-07-13,000852,中证1000,300182,捷成股份,深圳证券交易所
2026-07-13,000852,中证1000,300184,力源信息,深圳证券交易所
2026-07-13,000852,中证1000,300185,通裕重工,深圳证券交易所
2026-07-13,000852,中证1000,300188,国投智能,深圳证券交易所
2026-07-13,000852,中证1000,300199,翰宇药业,深圳证券交易所
2026-07-13,000852,中证1000,300224,正海磁材,深圳证券交易所
2026-07-13,000852,中证1000,300229,拓尔思,深圳证券交易所
2026-07-13,000852,中证1000,300236,上海新阳,深圳证券交易所
2026-07-13,000852,中证1000,300244,迪安诊断,深圳证券交易所
2026-07-13,000852,中证1000,300253,卫宁健康,深圳证券交易所
2026-07-13,000852,中证1000,300257,开山股份,深圳证券交易所
2026-07-13,000852,中证1000,300260,新莱应材,深圳证券交易所
2026-07-13,000852,中证1000,300276,三丰智能,深圳证券交易所
2026-07-13,000852,中证1000,300284,苏交科,深圳证券交易所
2026-07-13,000852,中证1000,300294,博雅生物,深圳证券交易所
2026-07-13,000852,中证1000,300296,利亚德,深圳证券交易所
2026-07-13,000852,中证1000,300298,三诺生物,深圳证券交易所
2026-07-13,000852,中证1000,300303,聚飞光电,深圳证券交易所
2026-07-13,000852,中证1000,300315,掌趣科技,深圳证券交易所
2026-07-13,000852,中证1000,300319,麦捷科技,深圳证券交易所
2026-07-13,000852,中证1000,300322,硕贝德,深圳证券交易所
2026-07-13,000852,中证1000,300323,华灿光电,深圳证券交易所
2026-07-13,000852,中证1000,300327,中颖电子,深圳证券交易所
2026-07-13,000852,中证1000,300337,银邦股份,深圳证券交易所
2026-07-13,000852,中证1000,300341,麦克奥迪,深圳证券交易所
2026-07-13,000852,中证1000,300342,天银机电,深圳证券交易所
2026-07-13,000852,中证1000,300348,长亮科技,深圳证券交易所
2026-07-13,000852,中证1000,300353,东土科技,深圳证券交易所
2026-07-13,000852,中证1000,300357,我武生物,深圳证券交易所
2026-07-13,000852,中证1000,300360,炬华科技,深圳证券交易所
2026-07-13,000852,中证1000,300363,博腾股份,深圳证券交易所
2026-07-13,000852,中证1000,300376,易事特,深圳证券交易所
2026-07-13,000852,中证1000,300378,鼎捷数智,深圳证券交易所
2026-07-13,000852,中证1000,300398,飞凯材料,深圳证券交易所
2026-07-13,000852,中证1000,300409,道氏技术,深圳证券交易所
2026-07-13,000852,中证1000,300415,伊之密,深圳证券交易所
2026-07-13,000852,中证1000,300416,苏试试验,深圳证券交易所
2026-07-13,000852,中证1000,300428,立中集团,深圳证券交易所
2026-07-13,000852,中证1000,300438,鹏辉能源,深圳证券交易所
2026-07-13,000852,中证1000,300443,金雷股份,深圳证券交易所
2026-07-13,000852,中证1000,300446,航天智造,深圳证券交易所
2026-07-13,000852,中证1000,300455,航天智装,深圳证券交易所
2026-07-13,000852,中证1000,300456,赛微电子,深圳证券交易所
2026-07-13,000852,中证1000,300457,赢合科技,深圳证券交易所
2026-07-13,000852,中证1000,300459,汤姆猫,深圳证券交易所
2026-07-13,000852,中证1000,300468,四方精创,深圳证券交易所
2026-07-13,000852,中证1000,300482,万孚生物,深圳证券交易所
2026-07-13,000852,中证1000,300492,华图山鼎,深圳证券交易所
2026-07-13,000852,中证1000,300493,润欣科技,深圳证券交易所
2026-07-13,000852,中证1000,300503,昊志机电,深圳证券交易所
2026-07-13,000852,中证1000,300525,博思软件,深圳证券交易所
2026-07-13,000852,中证1000,300529,健帆生物,深圳证券交易所
2026-07-13,000852,中证1000,300568,星源材质,深圳证券交易所
2026-07-13,000852,中证1000,300573,兴齐眼药,深圳证券交易所
2026-07-13,000852,中证1000,300576,容大感光,深圳证券交易所
2026-07-13,000852,中证1000,300579,数字认证,深圳证券交易所
2026-07-13,000852,中证1000,300580,贝斯特,深圳证券交易所
2026-07-13,000852,中证1000,300593,新雷能,深圳证券交易所
2026-07-13,000852,中证1000,300595,欧普康视,深圳证券交易所
2026-07-13,000852,中证1000,300598,诚迈科技,深圳证券交易所
2026-07-13,000852,中证1000,300601,康泰生物,深圳证券交易所
2026-07-13,000852,中证1000,300602,飞荣达,深圳证券交易所
2026-07-13,000852,中证1000,300607,拓斯达,深圳证券交易所
2026-07-13,000852,中证1000,300613,富瀚微,深圳证券交易所
2026-07-13,000852,中证1000,300618,寒锐钴业,深圳证券交易所
2026-07-13,000852,中证1000,300624,万兴科技,深圳证券交易所
2026-07-13,000852,中证1000,300633,开立医疗,深圳证券交易所
2026-07-13,000852,中证1000,300634,彩讯股份,深圳证券交易所
2026-07-13,000852,中证1000,300638,广和通,深圳证券交易所
2026-07-13,000852,中证1000,300641,正丹股份,深圳证券交易所
2026-07-13,000852,中证1000,300655,晶瑞电材,深圳证券交易所
2026-07-13,000852,中证1000,300657,弘信电子,深圳证券交易所
2026-07-13,000852,中证1000,300660,江苏雷利,深圳证券交易所
2026-07-13,000852,中证1000,300672,国科微,深圳证券交易所
2026-07-13,000852,中证1000,300674,宇信科技,深圳证券交易所
2026-07-13,000852,中证1000,300678,中科信息,深圳证券交易所
2026-07-13,000852,中证1000,300680,隆盛科技,深圳证券交易所
2026-07-13,000852,中证1000,300682,朗新科技,深圳证券交易所
2026-07-13,000852,中证1000,300684,中石科技,深圳证券交易所
2026-07-13,000852,中证1000,300685,艾德生物,深圳证券交易所
2026-07-13,000852,中证1000,300687,赛意信息,深圳证券交易所
2026-07-13,000852,中证1000,300693,盛弘股份,深圳证券交易所
2026-07-13,000852,中证1000,300702,天宇股份,深圳证券交易所
2026-07-13,000852,中证1000,300723,一品红,深圳证券交易所
2026-07-13,000852,中证1000,300725,药石科技,深圳证券交易所
2026-07-13,000852,中证1000,300726,宏达电子,深圳证券交易所
2026-07-13,000852,中证1000,300738,奥飞数据,深圳证券交易所
2026-07-13,000852,中证1000,300747,锐科激光,深圳证券交易所
2026-07-13,000852,中证1000,300761,立华股份,深圳证券交易所
2026-07-13,000852,中证1000,300762,上海瀚讯,深圳证券交易所
2026-07-13,000852,中证1000,300768,迪普科技,深圳证券交易所
2026-07-13,000852,中证1000,300770,新媒股份,深圳证券交易所
2026-07-13,000852,中证1000,300772,运达股份,深圳证券交易所
2026-07-13,000852,中证1000,300773,拉卡拉,深圳证券交易所
2026-07-13,000852,中证1000,300775,三角防务,深圳证券交易所
2026-07-13,000852,中证1000,300776,帝尔激光,深圳证券交易所
2026-07-13,000852,中证1000,300777,中简科技,深圳证券交易所
2026-07-13,000852,中证1000,300779,惠城环保,深圳证券交易所
2026-07-13,000852,中证1000,300783,三只松鼠,深圳证券交易所
2026-07-13,000852,中证1000,300806,斯迪克,深圳证券交易所
2026-07-13,000852,中证1000,300809,华辰装备,深圳证券交易所
2026-07-13,000852,中证1000,300811,铂科新材,深圳证券交易所
2026-07-13,000852,中证1000,300814,中富电路,深圳证券交易所
2026-07-13,000852,中证1000,300820,英杰电气,深圳证券交易所
2026-07-13,000852,中证1000,300821,东岳硅材,深圳证券交易所
2026-07-13,000852,中证1000,300827,上能电气,深圳证券交易所
2026-07-13,000852,中证1000,300841,康华生物,深圳证券交易所
2026-07-13,000852,中证1000,300850,新强联,深圳证券交易所
2026-07-13,000852,中证1000,300855,图南股份,深圳证券交易所
2026-07-13,000852,中证1000,300861,美畅股份,深圳证券交易所
2026-07-13,000852,中证1000,300870,欧陆通,深圳证券交易所
2026-07-13,000852,中证1000,300872,天阳科技,深圳证券交易所
2026-07-13,000852,中证1000,300910,瑞丰新材,深圳证券交易所
2026-07-13,000852,中证1000,300913,兆龙互连,深圳证券交易所
2026-07-13,000852,中证1000,300925,法本信息,深圳证券交易所
2026-07-13,000852,中证1000,300926,博俊科技,深圳证券交易所
2026-07-13,000852,中证1000,300969,恒帅股份,深圳证券交易所
2026-07-13,000852,中证1000,300990,同飞股份,深圳证券交易所
2026-07-13,000852,中证1000,301000,肇民科技,深圳证券交易所
2026-07-13,000852,中证1000,301005,超捷股份,深圳证券交易所
2026-07-13,000852,中证1000,301015,百洋医药,深圳证券交易所
2026-07-13,000852,中证1000,301018,申菱环境,深圳证券交易所
2026-07-13,000852,中证1000,301029,怡合达,深圳证券交易所
2026-07-13,000852,中证1000,301031,中熔电气,深圳证券交易所
2026-07-13,000852,中证1000,301035,润丰股份,深圳证券交易所
2026-07-13,000852,中证1000,301039,中集车辆,深圳证券交易所
2026-07-13,000852,中证1000,301047,义翘神州,深圳证券交易所
2026-07-13,000852,中证1000,301050,雷电微力,深圳证券交易所
2026-07-13,000852,中证1000,301061,匠心家居,深圳证券交易所
2026-07-13,000852,中证1000,301071,力量钻石,深圳证券交易所
2026-07-13,000852,中证1000,301078,孩子王,深圳证券交易所
2026-07-13,000852,中证1000,301087,可孚医疗,深圳证券交易所
2026-07-13,000852,中证1000,301091,深城交,深圳证券交易所
2026-07-13,000852,中证1000,301095,广立微,深圳证券交易所
2026-07-13,000852,中证1000,301101,明月镜片,深圳证券交易所
2026-07-13,000852,中证1000,301109,军信股份,深圳证券交易所
2026-07-13,000852,中证1000,301127,武汉天源,深圳证券交易所
2026-07-13,000852,中证1000,301153,中科江南,深圳证券交易所
2026-07-13,000852,中证1000,301155,海力风电,深圳证券交易所
2026-07-13,000852,中证1000,301171,易点天下,深圳证券交易所
2026-07-13,000852,中证1000,301175,中科环保,深圳证券交易所
2026-07-13,000852,中证1000,301177,迪阿股份,深圳证券交易所
2026-07-13,000852,中证1000,301196,唯科科技,深圳证券交易所
2026-07-13,000852,中证1000,301205,联特科技,深圳证券交易所
2026-07-13,000852,中证1000,301207,华兰疫苗,深圳证券交易所
2026-07-13,000852,中证1000,301215,中汽股份,深圳证券交易所
2026-07-13,000852,中证1000,301216,万凯新材,深圳证券交易所
2026-07-13,000852,中证1000,301217,铜冠铜箔,深圳证券交易所
2026-07-13,000852,中证1000,301219,腾远钴业,深圳证券交易所
2026-07-13,000852,中证1000,301225,恒勃股份,深圳证券交易所
2026-07-13,000852,中证1000,301238,瑞泰新材,深圳证券交易所
2026-07-13,000852,中证1000,301262,海看股份,深圳证券交易所
2026-07-13,000852,中证1000,301263,泰恩康,深圳证券交易所
2026-07-13,000852,中证1000,301267,华厦眼科,深圳证券交易所
2026-07-13,000852,中证1000,301268,铭利达,深圳证券交易所
2026-07-13,000852,中证1000,301275,汉朔科技,深圳证券交易所
2026-07-13,000852,中证1000,301291,明阳电气,深圳证券交易所
2026-07-13,000852,中证1000,301293,三博脑科,深圳证券交易所
2026-07-13,000852,中证1000,301297,富乐德,深圳证券交易所
2026-07-13,000852,中证1000,301316,慧博云通,深圳证券交易所
2026-07-13,000852,中证1000,301327,华宝新能,深圳证券交易所
2026-07-13,000852,中证1000,301339,通行宝,深圳证券交易所
2026-07-13,000852,中证1000,301345,涛涛车业,深圳证券交易所
2026-07-13,000852,中证1000,301363,美好医疗,深圳证券交易所
2026-07-13,000852,中证1000,301371,敷尔佳,深圳证券交易所
2026-07-13,000852,中证1000,301381,赛维时代,深圳证券交易所
2026-07-13,000852,中证1000,301389,隆扬电子,深圳证券交易所
2026-07-13,000852,中证1000,301392,汇成真空,深圳证券交易所
2026-07-13,000852,中证1000,301396,宏景科技,深圳证券交易所
2026-07-13,000852,中证1000,301413,安培龙,深圳证券交易所
2026-07-13,000852,中证1000,301421,波长光电,深圳证券交易所
2026-07-13,000852,中证1000,301458,钧崴电子,深圳证券交易所
2026-07-13,000852,中证1000,301487,盟固利,深圳证券交易所
2026-07-13,000852,中证1000,301488,豪恩汽电,深圳证券交易所
2026-07-13,000852,中证1000,301489,思泉新材,深圳证券交易所
2026-07-13,000852,中证1000,301500,飞南资源,深圳证券交易所
2026-07-13,000852,中证1000,301510,固高科技,深圳证券交易所
2026-07-13,000852,中证1000,301511,德福科技,深圳证券交易所
2026-07-13,000852,中证1000,301522,上大股份,深圳证券交易所
2026-07-13,000852,中证1000,301550,斯菱智驱,深圳证券交易所
2026-07-13,000852,中证1000,301551,无线传媒,深圳证券交易所
2026-07-13,000852,中证1000,301556,托普云农,深圳证券交易所
2026-07-13,000852,中证1000,301563,云汉芯城,深圳证券交易所
2026-07-13,000852,中证1000,301565,中仑新材,深圳证券交易所
2026-07-13,000852,中证1000,301571,国科天成,深圳证券交易所
2026-07-13,000852,中证1000,301584,建发致新,深圳证券交易所
2026-07-13,000852,中证1000,301589,诺瓦星云,深圳证券交易所
2026-07-13,000852,中证1000,301592,六九一二,深圳证券交易所
2026-07-13,000852,中证1000,301600,慧翰股份,深圳证券交易所
2026-07-13,000852,中证1000,301602,超研股份,深圳证券交易所
2026-07-13,000852,中证1000,301622,英思特,深圳证券交易所
2026-07-13,000852,中证1000,301626,苏州天脉,深圳证券交易所
2026-07-13,000852,中证1000,301631,壹连科技,深圳证券交易所
2026-07-13,000852,中证1000,301632,广东建科,深圳证券交易所
2026-07-13,000852,中证1000,301658,首航新能,深圳证券交易所
2026-07-13,000852,中证1000,301662,宏工科技,深圳证券交易所
2026-07-13,000852,中证1000,301665,泰禾股份,深圳证券交易所
2026-07-13,000852,中证1000,301678,新恒汇,深圳证券交易所
2026-07-13,000852,中证1000,600006,东风股份,上海证券交易所
2026-07-13,000852,中证1000,600012,皖通高速,上海证券交易所
2026-07-13,000852,中证1000,600017,日照港,上海证券交易所
2026-07-13,000852,中证1000,600022,山东钢铁,上海证券交易所
2026-07-13,000852,中证1000,600033,福建高速,上海证券交易所
2026-07-13,000852,中证1000,600037,歌华有线,上海证券交易所
2026-07-13,000852,中证1000,600055,万东医疗,上海证券交易所
2026-07-13,000852,中证1000,600056,中国医药,上海证券交易所
2026-07-13,000852,中证1000,600057,厦门象屿,上海证券交易所
2026-07-13,000852,中证1000,600058,五矿发展,上海证券交易所
2026-07-13,000852,中证1000,600059,古越龙山,上海证券交易所
2026-07-13,000852,中证1000,600063,皖维高新,上海证券交易所
2026-07-13,000852,中证1000,600064,南京高科,上海证券交易所
2026-07-13,000852,中证1000,600072,中船科技,上海证券交易所
2026-07-13,000852,中证1000,600075,新疆天业,上海证券交易所
2026-07-13,000852,中证1000,600094,大名城,上海证券交易所
2026-07-13,000852,中证1000,600113,浙江东日,上海证券交易所
2026-07-13,000852,中证1000,600114,东睦股份,上海证券交易所
2026-07-13,000852,中证1000,600116,三峡水利,上海证券交易所
2026-07-13,000852,中证1000,600120,浙江东方,上海证券交易所
2026-07-13,000852,中证1000,600123,兰花科创,上海证券交易所
2026-07-13,000852,中证1000,600129,太极集团,上海证券交易所
2026-07-13,000852,中证1000,600133,东湖高新,上海证券交易所
2026-07-13,000852,中证1000,600151,航天机电,上海证券交易所
2026-07-13,000852,中证1000,600155,华创云信,上海证券交易所
2026-07-13,000852,中证1000,600158,中体产业,上海证券交易所
2026-07-13,000852,中证1000,600163,中闽能源,上海证券交易所
2026-07-13,000852,中证1000,600167,联美控股,上海证券交易所
2026-07-13,000852,中证1000,600179,安通控股,上海证券交易所
2026-07-13,000852,中证1000,600184,光电股份,上海证券交易所
2026-07-13,000852,中证1000,600185,珠免集团,上海证券交易所
2026-07-13,000852,中证1000,600186,莲花控股,上海证券交易所
2026-07-13,000852,中证1000,600201,生物股份,上海证券交易所
2026-07-13,000852,中证1000,600206,有研新材,上海证券交易所
2026-07-13,000852,中证1000,600210,紫江企业,上海证券交易所
2026-07-13,000852,中证1000,600211,西藏药业,上海证券交易所
2026-07-13,000852,中证1000,600216,浙江医药,上海证券交易所
2026-07-13,000852,中证1000,600226,亨通股份,上海证券交易所
2026-07-13,000852,中证1000,600246,万通发展,上海证券交易所
2026-07-13,000852,中证1000,600248,陕建股份,上海证券交易所
2026-07-13,000852,中证1000,600252,中恒集团,上海证券交易所
2026-07-13,000852,中证1000,600258,首旅酒店,上海证券交易所
2026-07-13,000852,中证1000,600259,中稀有色,上海证券交易所
2026-07-13,000852,中证1000,600266,城建发展,上海证券交易所
2026-07-13,000852,中证1000,600267,海正药业,上海证券交易所
2026-07-13,000852,中证1000,600268,国电南自,上海证券交易所
2026-07-13,000852,中证1000,600269,赣粤高速,上海证券交易所
2026-07-13,000852,中证1000,600273,嘉化能源,上海证券交易所
2026-07-13,000852,中证1000,600285,羚锐制药,上海证券交易所
2026-07-13,000852,中证1000,600301,华锡有色,上海证券交易所
2026-07-13,000852,中证1000,600305,恒顺醋业,上海证券交易所
2026-07-13,000852,中证1000,600315,上海家化,上海证券交易所
2026-07-13,000852,中证1000,600320,振华重工,上海证券交易所
2026-07-13,000852,中证1000,600323,瀚蓝环境,上海证券交易所
2026-07-13,000852,中证1000,600325,华发股份,上海证券交易所
2026-07-13,000852,中证1000,600328,中盐化工,上海证券交易所
2026-07-13,000852,中证1000,600330,天通股份,上海证券交易所
2026-07-13,000852,中证1000,600331,宏达股份,上海证券交易所
2026-07-13,000852,中证1000,600335,国机汽车,上海证券交易所
2026-07-13,000852,中证1000,600338,西藏珠峰,上海证券交易所
2026-07-13,000852,中证1000,600345,长江通信,上海证券交易所
2026-07-13,000852,中证1000,600353,旭光电子,上海证券交易所
2026-07-13,000852,中证1000,600361,创新新材,上海证券交易所
2026-07-13,000852,中证1000,600366,宁波韵升,上海证券交易所
2026-07-13,000852,中证1000,600373,中文传媒,上海证券交易所
2026-07-13,000852,中证1000,600388,龙净环保,上海证券交易所
2026-07-13,000852,中证1000,600389,江山股份,上海证券交易所
2026-07-13,000852,中证1000,600391,航发科技,上海证券交易所
2026-07-13,000852,中证1000,600395,盘江股份,上海证券交易所
2026-07-13,000852,中证1000,600399,抚顺特钢,上海证券交易所
2026-07-13,000852,中证1000,600403,大有能源,上海证券交易所
2026-07-13,000852,中证1000,600409,三友化工,上海证券交易所
2026-07-13,000852,中证1000,600416,湘电股份,上海证券交易所
2026-07-13,000852,中证1000,600420,国药现代,上海证券交易所
2026-07-13,000852,中证1000,600422,昆药集团,上海证券交易所
2026-07-13,000852,中证1000,600428,中远海特,上海证券交易所
2026-07-13,000852,中证1000,600446,金证股份,上海证券交易所
2026-07-13,000852,中证1000,600452,涪陵电力,上海证券交易所
2026-07-13,000852,中证1000,600456,宝钛股份,上海证券交易所
2026-07-13,000852,中证1000,600458,时代新材,上海证券交易所
2026-07-13,000852,中证1000,600459,贵研铂业,上海证券交易所
2026-07-13,000852,中证1000,600461,洪城环境,上海证券交易所
2026-07-13,000852,中证1000,600475,华光环能,上海证券交易所
2026-07-13,000852,中证1000,600478,科力远,上海证券交易所
2026-07-13,000852,中证1000,600480,凌云股份,上海证券交易所
2026-07-13,000852,中证1000,600490,鹏欣资源,上海证券交易所
2026-07-13,000852,中证1000,600502,安徽建工,上海证券交易所
2026-07-13,000852,中证1000,600507,方大特钢,上海证券交易所
2026-07-13,000852,中证1000,600508,上海能源,上海证券交易所
2026-07-13,000852,中证1000,600509,天富能源,上海证券交易所
2026-07-13,000852,中证1000,600528,中铁工业,上海证券交易所
2026-07-13,000852,中证1000,600529,山东药玻,上海证券交易所
2026-07-13,000852,中证1000,600531,豫光金铅,上海证券交易所
2026-07-13,000852,中证1000,600550,保变电气,上海证券交易所
2026-07-13,000852,中证1000,600552,凯盛科技,上海证券交易所
2026-07-13,000852,中证1000,600556,天下秀,上海证券交易所
2026-07-13,000852,中证1000,600557,康缘药业,上海证券交易所
2026-07-13,000852,中证1000,600559,老白干酒,上海证券交易所
2026-07-13,000852,中证1000,600572,康恩贝,上海证券交易所
2026-07-13,000852,中证1000,600575,淮河能源,上海证券交易所
2026-07-13,000852,中证1000,600577,精达股份,上海证券交易所
2026-07-13,000852,中证1000,600587,新华医疗,上海证券交易所
2026-07-13,000852,中证1000,600596,新安股份,上海证券交易所
2026-07-13,000852,中证1000,600597,光明乳业,上海证券交易所
2026-07-13,000852,中证1000,600612,老凤祥,上海证券交易所
2026-07-13,000852,中证1000,600618,氯碱化工,上海证券交易所
2026-07-13,000852,中证1000,600619,海立股份,上海证券交易所
2026-07-13,000852,中证1000,600621,华鑫股份,上海证券交易所
2026-07-13,000852,中证1000,600623,华谊集团,上海证券交易所
2026-07-13,000852,中证1000,600629,华建集团,上海证券交易所
2026-07-13,000852,中证1000,600633,浙数文化,上海证券交易所
2026-07-13,000852,中证1000,600635,大众公用,上海证券交易所
2026-07-13,000852,中证1000,600639,浦东金桥,上海证券交易所
2026-07-13,000852,中证1000,600640,国脉文化,上海证券交易所
2026-07-13,000852,中证1000,600641,先导基电,上海证券交易所
2026-07-13,000852,中证1000,600643,爱建集团,上海证券交易所
2026-07-13,000852,中证1000,600645,中源协和,上海证券交易所
2026-07-13,000852,中证1000,600649,城投控股,上海证券交易所
2026-07-13,000852,中证1000,600651,飞乐音响,上海证券交易所
2026-07-13,000852,中证1000,600654,中安科,上海证券交易所
2026-07-13,000852,中证1000,600657,信达地产,上海证券交易所
2026-07-13,000852,中证1000,600662,外服控股,上海证券交易所
2026-07-13,000852,中证1000,600664,哈药股份,上海证券交易所
2026-07-13,000852,中证1000,600667,太极实业,上海证券交易所
2026-07-13,000852,中证1000,600675,中华企业,上海证券交易所
2026-07-13,000852,中证1000,600682,南京新百,上海证券交易所
2026-07-13,000852,中证1000,600686,金龙汽车,上海证券交易所
2026-07-13,000852,中证1000,600710,苏美达,上海证券交易所
2026-07-13,000852,中证1000,600717,天津港,上海证券交易所
2026-07-13,000852,中证1000,600718,东软集团,上海证券交易所
2026-07-13,000852,中证1000,600726,华电能源,上海证券交易所
2026-07-13,000852,中证1000,600728,佳都科技,上海证券交易所
2026-07-13,000852,中证1000,600729,重百集团,上海证券交易所
2026-07-13,000852,中证1000,600739,辽宁成大,上海证券交易所
2026-07-13,000852,中证1000,600740,山西焦化,上海证券交易所
2026-07-13,000852,中证1000,600744,华银电力,上海证券交易所
2026-07-13,000852,中证1000,600746,江苏索普,上海证券交易所
2026-07-13,000852,中证1000,600750,华润江中,上海证券交易所
2026-07-13,000852,中证1000,600751,海航科技,上海证券交易所
2026-07-13,000852,中证1000,600757,长江传媒,上海证券交易所
2026-07-13,000852,中证1000,600761,安徽合力,上海证券交易所
2026-07-13,000852,中证1000,600771,广誉远,上海证券交易所
2026-07-13,000852,中证1000,600773,西藏城投,上海证券交易所
2026-07-13,000852,中证1000,600776,东方通信,上海证券交易所
2026-07-13,000852,中证1000,600782,新钢股份,上海证券交易所
2026-07-13,000852,中证1000,600783,鲁信创投,上海证券交易所
2026-07-13,000852,中证1000,600787,中储股份,上海证券交易所
2026-07-13,000852,中证1000,600789,鲁抗医药,上海证券交易所
2026-07-13,000852,中证1000,600812,华北制药,上海证券交易所
2026-07-13,000852,中证1000,600821,金开新能,上海证券交易所
2026-07-13,000852,中证1000,600827,百联股份,上海证券交易所
2026-07-13,000852,中证1000,600835,上海机电,上海证券交易所
2026-07-13,000852,中证1000,600850,电科数字,上海证券交易所
2026-07-13,000852,中证1000,600859,王府井,上海证券交易所
2026-07-13,000852,中证1000,600864,哈投股份,上海证券交易所
2026-07-13,000852,中证1000,600866,星湖科技,上海证券交易所
2026-07-13,000852,中证1000,600867,通化东宝,上海证券交易所
2026-07-13,000852,中证1000,600869,远东股份,上海证券交易所
2026-07-13,000852,中证1000,600872,中炬高新,上海证券交易所
2026-07-13,000852,中证1000,600877,电科芯片,上海证券交易所
2026-07-13,000852,中证1000,600882,妙可蓝多,上海证券交易所
2026-07-13,000852,中证1000,600888,新疆众和,上海证券交易所
2026-07-13,000852,中证1000,600908,无锡银行,上海证券交易所
2026-07-13,000852,中证1000,600916,中国黄金,上海证券交易所
2026-07-13,000852,中证1000,600928,西安银行,上海证券交易所
2026-07-13,000852,中证1000,600929,雪天盐业,上海证券交易所
2026-07-13,000852,中证1000,600933,爱柯迪,上海证券交易所
2026-07-13,000852,中证1000,600956,新天绿能,上海证券交易所
2026-07-13,000852,中证1000,600961,株冶集团,上海证券交易所
2026-07-13,000852,中证1000,600963,岳阳林纸,上海证券交易所
2026-07-13,000852,中证1000,600971,恒源煤电,上海证券交易所
2026-07-13,000852,中证1000,600986,浙文互联,上海证券交易所
2026-07-13,000852,中证1000,600993,马应龙,上海证券交易所
2026-07-13,000852,中证1000,600996,贵广网络,上海证券交易所
2026-07-13,000852,中证1000,600997,开滦股份,上海证券交易所
2026-07-13,000852,中证1000,601003,柳钢股份,上海证券交易所
2026-07-13,000852,中证1000,601020,华钰矿业,上海证券交易所
2026-07-13,000852,中证1000,601022,宁波远洋,上海证券交易所
2026-07-13,000852,中证1000,601026,道生天合,上海证券交易所
2026-07-13,000852,中证1000,601033,永兴股份,上海证券交易所
2026-07-13,000852,中证1000,601038,一拖股份,上海证券交易所
2026-07-13,000852,中证1000,601068,中铝国际,上海证券交易所
2026-07-13,000852,中证1000,601069,西部黄金,上海证券交易所
2026-07-13,000852,中证1000,601083,锦江航运,上海证券交易所
2026-07-13,000852,中证1000,601089,福元医药,上海证券交易所
2026-07-13,000852,中证1000,601096,宏盛华源,上海证券交易所
2026-07-13,000852,中证1000,601101,昊华能源,上海证券交易所
2026-07-13,000852,中证1000,601107,四川成渝,上海证券交易所
2026-07-13,000852,中证1000,601126,四方股份,上海证券交易所
2026-07-13,000852,中证1000,601137,博威合金,上海证券交易所
2026-07-13,000852,中证1000,601187,厦门银行,上海证券交易所
2026-07-13,000852,中证1000,601200,上海环境,上海证券交易所
2026-07-13,000852,中证1000,601208,东材科技,上海证券交易所
2026-07-13,000852,中证1000,601222,林洋能源,上海证券交易所
2026-07-13,000852,中证1000,601311,骆驼股份,上海证券交易所
2026-07-13,000852,中证1000,601326,秦港股份,上海证券交易所
2026-07-13,000852,中证1000,601333,广深铁路,上海证券交易所
2026-07-13,000852,中证1000,601369,陕鼓动力,上海证券交易所
2026-07-13,000852,中证1000,601375,中原证券,上海证券交易所
2026-07-13,000852,中证1000,601519,大智慧,上海证券交易所
2026-07-13,000852,中证1000,601528,瑞丰银行,上海证券交易所
2026-07-13,000852,中证1000,601568,北元化工,上海证券交易所
2026-07-13,000852,中证1000,601595,上海电影,上海证券交易所
2026-07-13,000852,中证1000,601606,长城军工,上海证券交易所
2026-07-13,000852,中证1000,601609,金田股份,上海证券交易所
2026-07-13,000852,中证1000,601619,嘉泽新能,上海证券交易所
2026-07-13,000852,中证1000,601636,旗滨集团,上海证券交易所
2026-07-13,000852,中证1000,601677,明泰铝业,上海证券交易所
2026-07-13,000852,中证1000,601678,滨化股份,上海证券交易所
2026-07-13,000852,中证1000,601702,华峰铝业,上海证券交易所
2026-07-13,000852,中证1000,601777,千里科技,上海证券交易所
2026-07-13,000852,中证1000,601778,晶科科技,上海证券交易所
2026-07-13,000852,中证1000,601801,皖新传媒,上海证券交易所
2026-07-13,000852,中证1000,601858,中国科传,上海证券交易所
2026-07-13,000852,中证1000,601860,紫金银行,上海证券交易所
2026-07-13,000852,中证1000,601882,海天精工,上海证券交易所
2026-07-13,000852,中证1000,601890,亚星锚链,上海证券交易所
2026-07-13,000852,中证1000,601900,南方传媒,上海证券交易所
2026-07-13,000852,中证1000,601908,京运通,上海证券交易所
2026-07-13,000852,中证1000,601918,新集能源,上海证券交易所
2026-07-13,000852,中证1000,601921,浙版传媒,上海证券交易所
2026-07-13,000852,中证1000,601949,中国出版,上海证券交易所
2026-07-13,000852,中证1000,601952,苏垦农发,上海证券交易所
2026-07-13,000852,中证1000,601963,重庆银行,上海证券交易所
2026-07-13,000852,中证1000,601965,中国汽研,上海证券交易所
2026-07-13,000852,中证1000,601969,海南矿业,上海证券交易所
2026-07-13,000852,中证1000,601975,招商南油,上海证券交易所
2026-07-13,000852,中证1000,603005,晶方科技,上海证券交易所
2026-07-13,000852,中证1000,603009,北特科技,上海证券交易所
2026-07-13,000852,中证1000,603013,亚普股份,上海证券交易所
2026-07-13,000852,中证1000,603014,威高血净,上海证券交易所
2026-07-13,000852,中证1000,603025,大豪科技,上海证券交易所
2026-07-13,000852,中证1000,603026,石大胜华,上海证券交易所
2026-07-13,000852,中证1000,603027,千禾味业,上海证券交易所
2026-07-13,000852,中证1000,603033,三维股份,上海证券交易所
2026-07-13,000852,中证1000,603039,泛微网络,上海证券交易所
2026-07-13,000852,中证1000,603043,广州酒家,上海证券交易所
2026-07-13,000852,中证1000,603055,台华新材,上海证券交易所
2026-07-13,000852,中证1000,603057,紫燕食品,上海证券交易所
2026-07-13,000852,中证1000,603063,禾望电气,上海证券交易所
2026-07-13,000852,中证1000,603072,天和磁材,上海证券交易所
2026-07-13,000852,中证1000,603083,剑桥科技,上海证券交易所
2026-07-13,000852,中证1000,603093,南华期货,上海证券交易所
2026-07-13,000852,中证1000,603099,长白山,上海证券交易所
2026-07-13,000852,中证1000,603100,川仪股份,上海证券交易所
2026-07-13,000852,中证1000,603103,横店影视,上海证券交易所
2026-07-13,000852,中证1000,603108,润达医疗,上海证券交易所
2026-07-13,000852,中证1000,603118,共进股份,上海证券交易所
2026-07-13,000852,中证1000,603124,江南新材,上海证券交易所
2026-07-13,000852,中证1000,603127,昭衍新药,上海证券交易所
2026-07-13,000852,中证1000,603132,金徽股份,上海证券交易所
2026-07-13,000852,中证1000,603162,海通发展,上海证券交易所
2026-07-13,000852,中证1000,603166,福达股份,上海证券交易所
2026-07-13,000852,中证1000,603169,兰石重装,上海证券交易所
2026-07-13,000852,中证1000,603171,税友股份,上海证券交易所
2026-07-13,000852,中证1000,603193,润本股份,上海证券交易所
2026-07-13,000852,中证1000,603194,中力股份,上海证券交易所
2026-07-13,000852,中证1000,603202,天有为,上海证券交易所
2026-07-13,000852,中证1000,603218,日月股份,上海证券交易所
2026-07-13,000852,中证1000,603219,富佳股份,上海证券交易所
2026-07-13,000852,中证1000,603220,中贝通信,上海证券交易所
2026-07-13,000852,中证1000,603227,雪峰科技,上海证券交易所
2026-07-13,000852,中证1000,603236,移远通信,上海证券交易所
2026-07-13,000852,中证1000,603248,锡华科技,上海证券交易所
2026-07-13,000852,中证1000,603267,鸿远电子,上海证券交易所
2026-07-13,000852,中证1000,603279,景津装备,上海证券交易所
2026-07-13,000852,中证1000,603283,赛腾股份,上海证券交易所
2026-07-13,000852,中证1000,603297,永新光学,上海证券交易所
2026-07-13,000852,中证1000,603299,苏盐井神,上海证券交易所
2026-07-13,000852,中证1000,603300,海南华铁,上海证券交易所
2026-07-13,000852,中证1000,603301,振德医疗,上海证券交易所
2026-07-13,000852,中证1000,603305,旭升集团,上海证券交易所
2026-07-13,000852,中证1000,603306,华懋科技,上海证券交易所
2026-07-13,000852,中证1000,603317,天味食品,上海证券交易所
2026-07-13,000852,中证1000,603319,美湖股份,上海证券交易所
2026-07-13,000852,中证1000,603323,苏农银行,上海证券交易所
2026-07-13,000852,中证1000,603327,福蓉科技,上海证券交易所
2026-07-13,000852,中证1000,603328,依顿电子,上海证券交易所
2026-07-13,000852,中证1000,603337,杰克科技,上海证券交易所
2026-07-13,000852,中证1000,603355,莱克电气,上海证券交易所
2026-07-13,000852,中证1000,603358,华达科技,上海证券交易所
2026-07-13,000852,中证1000,603360,百傲化学,上海证券交易所
2026-07-13,000852,中证1000,603376,大明电子,上海证券交易所
2026-07-13,000852,中证1000,603393,新天然气,上海证券交易所
2026-07-13,000852,中证1000,603395,红四方,上海证券交易所
2026-07-13,000852,中证1000,603402,陕西旅游,上海证券交易所
2026-07-13,000852,中证1000,603406,天富龙,上海证券交易所
2026-07-13,000852,中证1000,603418,友升股份,上海证券交易所
2026-07-13,000852,中证1000,603456,九洲药业,上海证券交易所
2026-07-13,000852,中证1000,603477,巨星农牧,上海证券交易所
2026-07-13,000852,中证1000,603496,恒为科技,上海证券交易所
2026-07-13,000852,中证1000,603505,金石资源,上海证券交易所
2026-07-13,000852,中证1000,603508,思维列控,上海证券交易所
2026-07-13,000852,中证1000,603516,淳中科技,上海证券交易所
2026-07-13,000852,中证1000,603530,神马电力,上海证券交易所
2026-07-13,000852,中证1000,603533,掌阅科技,上海证券交易所
2026-07-13,000852,中证1000,603556,海兴电力,上海证券交易所
2026-07-13,000852,中证1000,603567,珍宝岛,上海证券交易所
2026-07-13,000852,中证1000,603583,捷昌驱动,上海证券交易所
2026-07-13,000852,中证1000,603588,高能环境,上海证券交易所
2026-07-13,000852,中证1000,603599,广信股份,上海证券交易所
2026-07-13,000852,中证1000,603612,索通发展,上海证券交易所
2026-07-13,000852,中证1000,603613,国联股份,上海证券交易所
2026-07-13,000852,中证1000,603619,中曼石油,上海证券交易所
2026-07-13,000852,中证1000,603638,艾迪精密,上海证券交易所
2026-07-13,000852,中证1000,603662,柯力传感,上海证券交易所
2026-07-13,000852,中证1000,603663,三祥新材,上海证券交易所
2026-07-13,000852,中证1000,603667,五洲新春,上海证券交易所
2026-07-13,000852,中证1000,603678,火炬电子,上海证券交易所
2026-07-13,000852,中证1000,603690,至纯科技,上海证券交易所
2026-07-13,000852,中证1000,603693,江苏新能,上海证券交易所
2026-07-13,000852,中证1000,603698,航天工程,上海证券交易所
2026-07-13,000852,中证1000,603707,健友股份,上海证券交易所
2026-07-13,000852,中证1000,603713,密尔克卫,上海证券交易所
2026-07-13,000852,中证1000,603730,岱美股份,上海证券交易所
2026-07-13,000852,中证1000,603733,仙鹤股份,上海证券交易所
2026-07-13,000852,中证1000,603809,豪能股份,上海证券交易所
2026-07-13,000852,中证1000,603826,坤彩科技,上海证券交易所
2026-07-13,000852,中证1000,603866,桃李面包,上海证券交易所
2026-07-13,000852,中证1000,603871,嘉友国际,上海证券交易所
2026-07-13,000852,中证1000,603876,鼎胜新材,上海证券交易所
2026-07-13,000852,中证1000,603881,数据港,上海证券交易所
2026-07-13,000852,中证1000,603883,老百姓,上海证券交易所
2026-07-13,000852,中证1000,603887,城地香江,上海证券交易所
2026-07-13,000852,中证1000,603888,新华网,上海证券交易所
2026-07-13,000852,中证1000,603915,国茂股份,上海证券交易所
2026-07-13,000852,中证1000,603919,金徽酒,上海证券交易所
2026-07-13,000852,中证1000,603927,中科软,上海证券交易所
2026-07-13,000852,中证1000,603929,亚翔集成,上海证券交易所
2026-07-13,000852,中证1000,603950,长源东谷,上海证券交易所
2026-07-13,000852,中证1000,603983,丸美生物,上海证券交易所
2026-07-13,000852,中证1000,603992,松霖科技,上海证券交易所
2026-07-13,000852,中证1000,603997,继峰股份,上海证券交易所
2026-07-13,000852,中证1000,605011,杭州热电,上海证券交易所
2026-07-13,000852,中证1000,605020,永和股份,上海证券交易所
2026-07-13,000852,中证1000,605090,九丰能源,上海证券交易所
2026-07-13,000852,中证1000,605099,共创草坪,上海证券交易所
2026-07-13,000852,中证1000,605111,新洁能,上海证券交易所
2026-07-13,000852,中证1000,605116,奥锐特,上海证券交易所
2026-07-13,000852,中证1000,605118,力鼎光电,上海证券交易所
2026-07-13,000852,中证1000,605123,派克新材,上海证券交易所
2026-07-13,000852,中证1000,605196,华通线缆,上海证券交易所
2026-07-13,000852,中证1000,605198,安德利,上海证券交易所
2026-07-13,000852,中证1000,605296,神农集团,上海证券交易所
2026-07-13,000852,中证1000,605333,沪光股份,上海证券交易所
2026-07-13,000852,中证1000,605376,博迁新材,上海证券交易所
2026-07-13,000852,中证1000,605507,国邦医药,上海证券交易所
2026-07-13,000852,中证1000,605555,德昌股份,上海证券交易所
2026-07-13,000852,中证1000,605599,菜百股份,上海证券交易所
2026-07-13,000852,中证1000,688001,华兴源创,上海证券交易所
2026-07-13,000852,中证1000,688003,天准科技,上海证券交易所
2026-07-13,000852,中证1000,688005,容百科技,上海证券交易所
2026-07-13,000852,中证1000,688006,杭可科技,上海证券交易所
2026-07-13,000852,中证1000,688016,心脉医疗,上海证券交易所
2026-07-13,000852,中证1000,688025,杰普特,上海证券交易所
2026-07-13,000852,中证1000,688029,南微医学,上海证券交易所
2026-07-13,000852,中证1000,688031,星环科技,上海证券交易所
2026-07-13,000852,中证1000,688032,禾迈股份,上海证券交易所
2026-07-13,000852,中证1000,688048,长光华芯,上海证券交易所
2026-07-13,000852,中证1000,688050,爱博医疗,上海证券交易所
2026-07-13,000852,中证1000,688062,迈威生物,上海证券交易所
2026-07-13,000852,中证1000,688063,派能科技,上海证券交易所
2026-07-13,000852,中证1000,688068,热景生物,上海证券交易所
2026-07-13,000852,中证1000,688083,中望软件,上海证券交易所
2026-07-13,000852,中证1000,688088,虹软科技,上海证券交易所
2026-07-13,000852,中证1000,688091,上海谊众,上海证券交易所
2026-07-13,000852,中证1000,688097,博众精工,上海证券交易所
2026-07-13,000852,中证1000,688100,威胜信息,上海证券交易所
2026-07-13,000852,中证1000,688102,斯瑞新材,上海证券交易所
2026-07-13,000852,中证1000,688106,金宏气体,上海证券交易所
2026-07-13,000852,中证1000,688107,安路科技,上海证券交易所
2026-07-13,000852,中证1000,688110,东芯股份,上海证券交易所
2026-07-13,000852,中证1000,688116,天奈科技,上海证券交易所
2026-07-13,000852,中证1000,688123,聚辰股份,上海证券交易所
2026-07-13,000852,中证1000,688127,蓝特光学,上海证券交易所
2026-07-13,000852,中证1000,688128,中国电研,上海证券交易所
2026-07-13,000852,中证1000,688131,皓元医药,上海证券交易所
2026-07-13,000852,中证1000,688139,海尔生物,上海证券交易所
2026-07-13,000852,中证1000,688141,杰华特,上海证券交易所
2026-07-13,000852,中证1000,688146,中船特气,上海证券交易所
2026-07-13,000852,中证1000,688147,微导纳米,上海证券交易所
2026-07-13,000852,中证1000,688150,莱特光电,上海证券交易所
2026-07-13,000852,中证1000,688153,唯捷创芯,上海证券交易所
2026-07-13,000852,中证1000,688158,优刻得,上海证券交易所
2026-07-13,000852,中证1000,688165,埃夫特,上海证券交易所
2026-07-13,000852,中证1000,688167,炬光科技,上海证券交易所
2026-07-13,000852,中证1000,688177,百奥泰,上海证券交易所
2026-07-13,000852,中证1000,688182,灿勤科技,上海证券交易所
2026-07-13,000852,中证1000,688190,云路股份,上海证券交易所
2026-07-13,000852,中证1000,688195,腾景科技,上海证券交易所
2026-07-13,000852,中证1000,688205,德科立,上海证券交易所
2026-07-13,000852,中证1000,688206,概伦电子,上海证券交易所
2026-07-13,000852,中证1000,688208,道通科技,上海证券交易所
2026-07-13,000852,中证1000,688232,新点软件,上海证券交易所
2026-07-13,000852,中证1000,688252,天德钰,上海证券交易所
2026-07-13,000852,中证1000,688262,国芯科技,上海证券交易所
2026-07-13,000852,中证1000,688279,峰岹科技,上海证券交易所
2026-07-13,000852,中证1000,688289,圣湘生物,上海证券交易所
2026-07-13,000852,中证1000,688300,联瑞新材,上海证券交易所
2026-07-13,000852,中证1000,688306,均普智能,上海证券交易所
2026-07-13,000852,中证1000,688321,微芯生物,上海证券交易所
2026-07-13,000852,中证1000,688326,经纬恒润,上海证券交易所
2026-07-13,000852,中证1000,688327,云从科技,上海证券交易所
2026-07-13,000852,中证1000,688332,中科蓝讯,上海证券交易所
2026-07-13,000852,中证1000,688333,铂力特,上海证券交易所
2026-07-13,000852,中证1000,688351,微电生理,上海证券交易所
2026-07-13,000852,中证1000,688352,颀中科技,上海证券交易所
2026-07-13,000852,中证1000,688353,华盛锂电,上海证券交易所
2026-07-13,000852,中证1000,688362,甬矽电子,上海证券交易所
2026-07-13,000852,中证1000,688368,晶丰明源,上海证券交易所
2026-07-13,000852,中证1000,688372,伟测科技,上海证券交易所
2026-07-13,000852,中证1000,688380,中微半导,上海证券交易所
2026-07-13,000852,中证1000,688382,益方生物,上海证券交易所
2026-07-13,000852,中证1000,688388,嘉元科技,上海证券交易所
2026-07-13,000852,中证1000,688390,固德威,上海证券交易所
2026-07-13,000852,中证1000,688392,骄成超声,上海证券交易所
2026-07-13,000852,中证1000,688400,凌云光,上海证券交易所
2026-07-13,000852,中证1000,688403,汇成股份,上海证券交易所
2026-07-13,000852,中证1000,688408,中信博,上海证券交易所
2026-07-13,000852,中证1000,688409,富创精密,上海证券交易所
2026-07-13,000852,中证1000,688432,有研硅,上海证券交易所
2026-07-13,000852,中证1000,688433,华曙高科,上海证券交易所
2026-07-13,000852,中证1000,688439,振华风光,上海证券交易所
2026-07-13,000852,中证1000,688443,智翔金泰,上海证券交易所
2026-07-13,000852,中证1000,688449,联芸科技,上海证券交易所
2026-07-13,000852,中证1000,688484,南芯科技,上海证券交易所
2026-07-13,000852,中证1000,688486,龙迅股份,上海证券交易所
2026-07-13,000852,中证1000,688502,茂莱光学,上海证券交易所
2026-07-13,000852,中证1000,688503,聚和材料,上海证券交易所
2026-07-13,000852,中证1000,688515,裕太微,上海证券交易所
2026-07-13,000852,中证1000,688516,奥特维,上海证券交易所
2026-07-13,000852,中证1000,688519,南亚新材,上海证券交易所
2026-07-13,000852,中证1000,688522,纳睿雷达,上海证券交易所
2026-07-13,000852,中证1000,688523,航天环宇,上海证券交易所
2026-07-13,000852,中证1000,688531,日联科技,上海证券交易所
2026-07-13,000852,中证1000,688536,思瑞浦,上海证券交易所
2026-07-13,000852,中证1000,688543,国科军工,上海证券交易所
2026-07-13,000852,中证1000,688545,兴福电子,上海证券交易所
2026-07-13,000852,中证1000,688548,广钢气体,上海证券交易所
2026-07-13,000852,中证1000,688549,中巨芯,上海证券交易所
2026-07-13,000852,中证1000,688552,航天南湖,上海证券交易所
2026-07-13,000852,中证1000,688559,海目星,上海证券交易所
2026-07-13,000852,中证1000,688567,孚能科技,上海证券交易所
2026-07-13,000852,中证1000,688584,上海合晶,上海证券交易所
2026-07-13,000852,中证1000,688586,江航装备,上海证券交易所
2026-07-13,000852,中证1000,688591,泰凌微,上海证券交易所
2026-07-13,000852,中证1000,688593,新相微,上海证券交易所
2026-07-13,000852,中证1000,688596,正帆科技,上海证券交易所
2026-07-13,000852,中证1000,688605,先锋精科,上海证券交易所
2026-07-13,000852,中证1000,688612,威迈斯,上海证券交易所
2026-07-13,000852,中证1000,688627,精智达,上海证券交易所
2026-07-13,000852,中证1000,688630,芯碁微装,上海证券交易所
2026-07-13,000852,中证1000,688631,莱斯信息,上海证券交易所
2026-07-13,000852,中证1000,688639,华恒生物,上海证券交易所
2026-07-13,000852,中证1000,688652,京仪装备,上海证券交易所
2026-07-13,000852,中证1000,688658,悦康药业,上海证券交易所
2026-07-13,000852,中证1000,688660,电气风电,上海证券交易所
2026-07-13,000852,中证1000,688668,鼎通科技,上海证券交易所
2026-07-13,000852,中证1000,688686,奥普特,上海证券交易所
2026-07-13,000852,中证1000,688690,纳微科技,上海证券交易所
2026-07-13,000852,中证1000,688691,灿芯股份,上海证券交易所
2026-07-13,000852,中证1000,688698,伟创电气,上海证券交易所
2026-07-13,000852,中证1000,688700,东威科技,上海证券交易所
2026-07-13,000852,中证1000,688717,艾罗能源,上海证券交易所
2026-07-13,000852,中证1000,688726,拉普拉斯,上海证券交易所
2026-07-13,000852,中证1000,688766,普冉股份,上海证券交易所
2026-07-13,000852,中证1000,688776,国光电气,上海证券交易所
2026-07-13,000852,中证1000,688779,五矿新能,上海证券交易所
2026-07-13,000852,中证1000,688789,宏华数科,上海证券交易所
2026-07-13,000852,中证1000,688798,艾为电子,上海证券交易所
2026-07-13,000852,中证1000,688800,瑞可达,上海证券交易所
