股票代码,股票名称,下载状态,数据条数
000012,南  玻A,已下载,3525
000028,国药一致,已下载,3525
000029,深深房A,已下载,3525
000030,富奥股份,已下载,3525
000035,中国天楹,已下载,3525
000048,京基智农,已下载,3525
000049,德赛电池,已下载,3525
000058,深赛格,已下载,3525
000059,华锦股份,已下载,3525
000061,农 产 品,已下载,3525
000065,北方国际,已下载,3525
000089,深圳机场,已下载,3525
000099,中信海直,已下载,3525
000156,华数传媒,已下载,3525
000403,派林生物,已下载,3525
000420,吉林化纤,已下载,3525
000422,湖北宜化,已下载,3525
000498,山东路桥,已下载,3525
000503,国新健康,已下载,3525
000506,招金黄金,已下载,3525
000534,万泽股份,已下载,3525
000543,皖能电力,已下载,3525
000550,江铃汽车,已下载,3525
000552,甘肃能化,已下载,3525
000555,神州信息,已下载,3525
000563,陕国投A,已下载,3525
000567,海德股份,已下载,3525
000581,威孚高科,已下载,3525
000600,建投能源,已下载,3525
000603,盛达资源,已下载,3525
000612,焦作万方,已下载,3525
000620,盈新发展,已下载,3525
000628,高新发展,已下载,3525
000636,风华高科,已下载,3525
000650,仁和药业,已下载,3525
000672,上峰材料,已下载,3525
000676,智度股份,已下载,3525
000680,山推股份,已下载,3525
000681,视觉中国,已下载,3525
000682,东方电子,已下载,3525
000685,中山公用,已下载,3525
000686,东北证券,已下载,3525
000688,国城矿业,已下载,3525
000690,宝新能源,已下载,3525
000712,锦龙股份,已下载,3525
000719,中原传媒,已下载,3525
000727,冠捷科技,已下载,3525
000758,中色股份,已下载,3525
000762,西藏矿业,已下载,3525
000766,通化金马,已下载,3525
000767,晋控电力,已下载,3525
000778,新兴铸管,已下载,3525
000791,甘肃能源,已下载,3525
000795,英洛华,已下载,3525
000801,四川九洲,已下载,3525
000810,创维数字,已下载,3525
000811,冰轮环境,已下载,3525
000813,德展健康,已下载,3525
000828,东莞控股,已下载,3525
000829,天音控股,已下载,3525
000833,粤桂股份,已下载,3525
000837,秦川机床,已下载,3525
000848,承德露露,已下载,3525
000860,顺鑫农业,已下载,3525
000875,电投绿能,已下载,3525
000880,潍柴重机,已下载,3525
000885,城发环境,已下载,3525
000899,赣能股份,已下载,3525
000901,航天科技,已下载,3525
000902,新洋丰,已下载,3525
000913,钱江摩托,已下载,3525
000917,电广传媒,已下载,3525
000923,河钢资源,已下载,3525
000927,中国铁物,已下载,3525
000928,中钢国际,已下载,3525
000930,中粮科技,已下载,3525
000935,四川双马,已下载,3525
000950,重药控股,已下载,3525
000962,东方钽业,已下载,3525
000966,长源电力,已下载,3525
000969,安泰科技,已下载,3525
000970,中科三环,已下载,3525
000973,佛塑科技,已下载,3525
000990,诚志股份,已下载,3525
000998,隆平高科,已下载,3525
001227,兰州银行,已下载,1085
001233,海安集团,已下载,152
001236,弘业期货,已下载,952
001267,汇绿生态,已下载,1127
001287,中电港,已下载,789
001301,尚太科技,已下载,855
001337,四川黄金,已下载,814
001339,智微智能,已下载,946
001359,平安电工,已下载,554
001369,双欣材料,已下载,127
001382,新亚电缆,已下载,318
001896,豫能控股,已下载,3525
001914,招商积余,已下载,3524
002003,伟星股份,已下载,3525
002004,华邦健康,已下载,3525
002006,精工科技,已下载,3525
002010,传化智联,已下载,3525
002011,盾安环境,已下载,3525
002015,协鑫能科,已下载,3525
002017,东信和平,已下载,3525
002019,亿帆医药,已下载,3525
002020,京新药业,已下载,3525
002023,海特高新,已下载,3525
002036,联创电子,已下载,3525
002041,登海种业,已下载,3525
002043,兔宝宝,已下载,3525
002045,国光电器,已下载,3525
002046,国机精工,已下载,3525
002048,宁波华翔,已下载,3525
002051,中工国际,已下载,3525
002053,云南能投,已下载,3525
002060,广东建工,已下载,3525
002061,浙江交科,已下载,3525
002063,远光软件,已下载,3525
002073,软控股份,已下载,3525
002075,沙钢股份,已下载,3525
002077,大港股份,已下载,3525
002081,金螳螂,已下载,3525
002091,江苏国泰,已下载,3525
002093,国脉科技,已下载,3525
002096,易普力,已下载,3525
002097,山河智能,已下载,3525
002099,海翔药业,已下载,3525
002100,天康生物,已下载,3525
002101,广东鸿图,已下载,3525
002104,恒宝股份,已下载,3525
002110,三钢闽光,已下载,3525
002121,科陆电子,已下载,3525
002123,梦网科技,已下载,3525
002125,湘潭电化,已下载,3525
002127,南极电商,已下载,3525
002139,拓邦股份,已下载,3525
002145,钛能化学,已下载,3525
002149,西部材料,已下载,3525
002151,北斗星通,已下载,3525
002158,汉钟精机,已下载,3525
002163,海南发展,已下载,3525
002170,芭田股份,已下载,3525
002171,楚江新材,已下载,3525
002174,游族网络,已下载,3525
002176,江特电机,已下载,3525
002181,粤传媒,已下载,3525
002182,宝武镁业,已下载,3525
002183,怡亚通,已下载,3525
002192,融捷股份,已下载,3525
002194,武汉凡谷,已下载,3525
002204,大连重工,已下载,3525
002212,天融信,已下载,3525
002215,诺普信,已下载,3525
002216,三全食品,已下载,3525
002221,东华能源,已下载,3525
002222,福晶科技,已下载,3525
002226,江南化工,已下载,3525
002233,塔牌集团,已下载,3525
002237,恒邦股份,已下载,3525
002239,奥特佳,已下载,3525
002243,力合科创,已下载,3525
002245,蔚蓝锂芯,已下载,3525
002246,北化股份,已下载,3525
002249,大洋电机,已下载,3525
002250,联化科技,已下载,3525
002251,步步高,已下载,3525
002254,泰和新材,已下载,3525
002258,利尔化学,已下载,3525
002267,陕天然气,已下载,3525
002268,电科网安,已下载,3525
002270,华明装备,已下载,3525
002276,万马股份,已下载,3525
002287,奇正藏药,已下载,3525
002290,禾盛新材,已下载,3525
002292,奥飞娱乐,已下载,3525
002315,焦点科技,已下载,3525
002317,众生药业,已下载,3525
002320,海峡股份,已下载,3525
002324,普利特,已下载,3525
002326,永太科技,已下载,3525
002332,仙琚制药,已下载,3525
002338,奥普光电,已下载,3525
002345,潮宏基,已下载,3525
002351,漫步者,已下载,3525
002354,天娱数科,已下载,3525
002364,中恒电气,已下载,3525
002368,太极股份,已下载,3525
002372,伟星新材,已下载,3525
002373,千方科技,已下载,3525
002378,章源钨业,已下载,3525
002389,航天彩虹,已下载,3525
002396,星网锐捷,已下载,3525
002400,省广集团,已下载,3525
002405,四维图新,已下载,3525
002408,齐翔腾达,已下载,3525
002416,爱施德,已下载,3525
002428,云南锗业,已下载,3525
002434,万里扬,已下载,3525
002456,欧菲光,已下载,3525
002458,益生股份,已下载,3525
002468,申通快递,已下载,3525
002484,江海股份,已下载,3525
002488,金固股份,已下载,3525
002497,雅化集团,已下载,3525
002498,汉缆股份,已下载,3525
002506,协鑫集成,已下载,3525
002507,涪陵榨菜,已下载,3525
002511,中顺洁柔,已下载,3525
002516,旷达科技,已下载,3525
002518,科士达,已下载,3525
002531,天顺风能,已下载,3525
002534,西子洁能,已下载,3525
002536,飞龙股份,已下载,3525
002537,海联金汇,已下载,3525
002539,云图控股,已下载,3525
002541,鸿路钢构,已下载,3525
002544,普天科技,已下载,3525
002545,东方铁塔,已下载,3525
002549,凯美特气,已下载,3525
002550,千红制药,已下载,3525
002557,洽洽食品,已下载,3525
002563,森马服饰,已下载,3525
002572,索菲亚,已下载,3525
002588,史丹利,已下载,3525
002597,金禾实业,已下载,3525
002605,姚记科技,已下载,3525
002611,东方精工,已下载,3525
002617,露笑科技,已下载,3525
002626,金达威,已下载,3525
002635,安洁科技,已下载,3525
002636,金安国纪,已下载,3525
002639,雪人集团,已下载,3525
002643,万润股份,已下载,3525
002651,利君股份,已下载,3523
002654,万润科技,已下载,3498
002668,TCL智家,已下载,3460
002675,东诚药业,已下载,3433
002681,奋达科技,已下载,3426
002690,美亚光电,已下载,3387
002698,博实股份,已下载,3357
002701,奥瑞金,已下载,3340
002705,新宝股份,已下载,3031
002706,良信股份,已下载,3031
002716,湖南白银,已下载,3026
002727,一心堂,已下载,2924
002737,葵花药业,已下载,2801
002745,木林森,已下载,2768
002747,埃斯顿,已下载,2750
002755,奥赛康,已下载,2712
002761,浙江建投,已下载,2694
002768,国恩股份,已下载,2681
002779,中坚科技,已下载,2572
002807,江阴银行,已下载,2390
002815,崇达技术,已下载,2369
002827,高争民爆,已下载,2327
002832,比音勒芬,已下载,2317
002838,道恩股份,已下载,2308
002839,张家港行,已下载,2296
002840,华统股份,已下载,2306
002847,盐津铺子,已下载,2290
002859,洁美科技,已下载,2250
002867,周大生,已下载,2236
002881,美格智能,已下载,2199
002882,金龙羽,已下载,2182
002891,中宠股份,已下载,2157
002892,科力尔,已下载,2159
002895,川恒股份,已下载,2153
002896,中大力德,已下载,2151
002897,意华股份,已下载,2144
002901,大博医疗,已下载,2133
002906,华阳集团,已下载,2123
002911,佛燃能源,已下载,2095
002913,奥士康,已下载,2088
002922,伊戈尔,已下载,2068
002925,盈趣科技,已下载,2058
002928,华夏航空,已下载,2029
002929,润建股份,已下载,2030
002936,郑州银行,已下载,1891
002941,新疆交建,已下载,1847
002946,新乳业,已下载,1807
002947,恒铭达,已下载,1802
002948,青岛银行,已下载,1814
002958,青农商行,已下载,1770
002960,青鸟智控,已下载,1677
002961,瑞达期货,已下载,1658
002965,祥鑫科技,已下载,1628
002967,广电计量,已下载,1618
002978,安宁股份,已下载,1511
002979,雷赛智能,已下载,1518
002985,北摩高科,已下载,1503
002987,京北方,已下载,1500
002993,奥海科技,已下载,1430
003006,百亚股份,已下载,1405
003010,若羽臣,已下载,1401
003039,顺控发展,已下载,1297
300007,汉威科技,已下载,3525
300008,天海防务,已下载,3525
300009,安科生物,已下载,3525
300026,红日药业,已下载,3525
300031,宝通科技,已下载,3525
300034,钢研高纳,已下载,3525
300035,中科电气,已下载,3525
300036,超图软件,已下载,3525
300045,华力创通,已下载,3525
300047,天源迪科,已下载,3525
300049,福瑞医科,已下载,3525
300065,海兰信,已下载,3525
300070,碧水源,已下载,3525
300075,数字政通,已下载,3525
300077,国民技术,已下载,3525
300080,易成新能,已下载,3525
300083,创世纪,已下载,3525
300085,银之杰,已下载,3525
300088,长信科技,已下载,3525
300098,高新兴,已下载,3525
300101,振芯科技,已下载,3525
300102,乾照光电,已下载,3525
300113,顺网科技,已下载,3525
300119,瑞普生物,已下载,3525
300127,银河磁体,已下载,3525
300130,新国都,已下载,3525
300131,英唐智控,已下载,3525
300133,华策影视,已下载,3525
300134,大富科技,已下载,3525
300153,科泰电源,已下载,3525
300166,东方国信,已下载,3525
300170,汉得信息,已下载,3525
300171,东富龙,已下载,3525
300180,华峰超纤,已下载,3525
300181,佐力药业,已下载,3525
300182,捷成股份,已下载,3525
300184,力源信息,已下载,3525
300185,通裕重工,已下载,3525
300188,国投智能,已下载,3525
300199,翰宇药业,已下载,3525
300224,正海磁材,已下载,3525
300229,拓尔思,已下载,3525
300236,上海新阳,已下载,3525
300244,迪安诊断,已下载,3525
300253,卫宁健康,已下载,3525
300257,开山股份,已下载,3525
300260,新莱应材,已下载,3525
300276,三丰智能,已下载,3525
300284,苏交科,已下载,3521
300294,博雅生物,已下载,3484
300296,利亚德,已下载,3479
300298,三诺生物,已下载,3477
300303,聚飞光电,已下载,3477
300315,掌趣科技,已下载,3443
300319,麦捷科技,已下载,3435
300322,硕贝德,已下载,3423
300323,华灿光电,已下载,3428
300327,中颖电子,已下载,3420
300337,银邦股份,已下载,3396
300341,麦克奥迪,已下载,3390
300342,天银机电,已下载,3390
300348,长亮科技,已下载,3374
300353,东土科技,已下载,3345
300357,我武生物,已下载,3031
300360,炬华科技,已下载,3031
300363,博腾股份,已下载,3025
300376,易事特,已下载,3027
300378,鼎捷数智,已下载,3027
300398,飞凯材料,已下载,2859
300409,道氏技术,已下载,2820
300415,伊之密,已下载,2785
300416,苏试试验,已下载,2786
300428,立中集团,已下载,2751
300438,鹏辉能源,已下载,2726
300443,金雷股份,已下载,2728
300446,航天智造,已下载,2727
300455,航天智装,已下载,2712
300456,赛微电子,已下载,2713
300457,赢合科技,已下载,2713
300459,汤姆猫,已下载,2712
300468,四方精创,已下载,2704
300482,万孚生物,已下载,2681
300492,华图山鼎,已下载,2562
300493,润欣科技,已下载,2571
300503,昊志机电,已下载,2513
300525,博思软件,已下载,2418
300529,健帆生物,已下载,2413
300568,星源材质,已下载,2333
300573,兴齐眼药,已下载,2328
300576,容大感光,已下载,2320
300579,数字认证,已下载,2317
300580,贝斯特,已下载,2305
300593,新雷能,已下载,2303
300595,欧普康视,已下载,2301
300598,诚迈科技,已下载,2298
300601,康泰生物,已下载,2291
300602,飞荣达,已下载,2294
300607,拓斯达,已下载,2289
300613,富瀚微,已下载,2282
300618,寒锐钴业,已下载,2272
300624,万兴科技,已下载,2055
300633,开立医疗,已下载,2251
300634,彩讯股份,已下载,2014
300638,广和通,已下载,2246
300641,正丹股份,已下载,2243
300655,晶瑞电材,已下载,2219
300657,弘信电子,已下载,2219
300660,江苏雷利,已下载,2213
300672,国科微,已下载,2185
300674,宇信科技,已下载,1862
300678,中科信息,已下载,2173
300680,隆盛科技,已下载,2176
300682,朗新科技,已下载,2171
300684,中石科技,已下载,2070
300685,艾德生物,已下载,2170
300687,赛意信息,已下载,2169
300693,盛弘股份,已下载,2156
300702,天宇股份,已下载,2136
300723,一品红,已下载,2099
300725,药石科技,已下载,2103
300726,宏达电子,已下载,2096
300738,奥飞数据,已下载,2054
300747,锐科激光,已下载,1953
300761,立华股份,已下载,1796
300762,上海瀚讯,已下载,1778
300768,迪普科技,已下载,1758
300770,新媒股份,已下载,1753
300772,运达股份,已下载,1748
300773,拉卡拉,已下载,1749
300775,三角防务,已下载,1734
300776,帝尔激光,已下载,1736
300777,中简科技,已下载,1737
300779,惠城环保,已下载,1733
300783,三只松鼠,已下载,1697
300806,斯迪克,已下载,1607
300809,华辰装备,已下载,1600
300811,铂科新材,已下载,1582
300814,中富电路,已下载,1189
300820,英杰电气,已下载,1556
300821,东岳硅材,已下载,1536
300827,上能电气,已下载,1516
300841,康华生物,已下载,1472
300850,新强联,已下载,1455
300855,图南股份,已下载,1447
300861,美畅股份,已下载,1425
300870,欧陆通,已下载,1425
300872,天阳科技,已下载,1425
300910,瑞丰新材,已下载,1362
300913,兆龙互连,已下载,1356
300925,法本信息,已下载,1339
300926,博俊科技,已下载,1334
300969,恒帅股份,已下载,1273
300990,同飞股份,已下载,1254
301000,肇民科技,已下载,1242
301005,超捷股份,已下载,1240
301015,百洋医药,已下载,1220
301018,申菱环境,已下载,1215
301029,怡合达,已下载,1203
301031,中熔电气,已下载,1209
301035,润丰股份,已下载,1200
301039,中集车辆,已下载,1214
301047,义翘神州,已下载,1187
301050,雷电微力,已下载,1181
301061,匠心家居,已下载,1167
301071,力量钻石,已下载,1160
301078,孩子王,已下载,1151
301087,可孚医疗,已下载,1144
301091,深城交,已下载,1140
301095,广立微,已下载,952
301101,明月镜片,已下载,1106
301109,军信股份,已下载,1030
301127,武汉天源,已下载,1096
301153,中科江南,已下载,1008
301155,海力风电,已下载,1122
301171,易点天下,已下载,942
301175,中科环保,已下载,972
301177,迪阿股份,已下载,1107
301196,唯科科技,已下载,1089
301205,联特科技,已下载,926
301207,华兰疫苗,已下载,1066
301215,中汽股份,已下载,1054
301216,万凯新材,已下载,1039
301217,铜冠铜箔,已下载,1077
301219,腾远钴业,已下载,1047
301225,恒勃股份,已下载,743
301238,瑞泰新材,已下载,987
301262,海看股份,已下载,741
301263,泰恩康,已下载,1039
301267,华厦眼科,已下载,892
301268,铭利达,已下载,1034
301275,汉朔科技,已下载,326
301291,明阳电气,已下载,735
301293,三博脑科,已下载,773
301297,富乐德,已下载,853
301316,慧博云通,已下载,909
301327,华宝新能,已下载,922
301339,通行宝,已下载,927
301345,涛涛车业,已下载,802
301363,美好医疗,已下载,910
301371,敷尔佳,已下载,713
301381,赛维时代,已下载,727
301389,隆扬电子,已下载,897
301392,汇成真空,已下载,510
301396,宏景科技,已下载,888
301413,安培龙,已下载,620
301421,波长光电,已下载,697
301458,钧崴电子,已下载,362
301487,盟固利,已下载,707
301488,豪恩汽电,已下载,733
301489,思泉新材,已下载,659
301500,飞南资源,已下载,676
301510,固高科技,已下载,703
301511,德福科技,已下载,701
301522,上大股份,已下载,423
301550,斯菱智驱,已下载,680
301551,无线传媒,已下载,432
301556,托普云农,已下载,422
301563,云汉芯城,已下载,186
301565,中仑新材,已下载,500
301571,国科天成,已下载,456
301584,建发致新,已下载,189
301589,诺瓦星云,已下载,583
301592,六九一二,已下载,417
301600,慧翰股份,已下载,441
301602,超研股份,已下载,354
301622,英思特,已下载,388
301626,苏州天脉,已下载,417
301631,壹连科技,已下载,396
301632,广东建科,已下载,221
301658,首航新能,已下载,310
301662,宏工科技,已下载,300
301665,泰禾股份,已下载,304
301678,新恒汇,已下载,258
600006,东风股份,已下载,3525
600012,皖通高速,已下载,3525
600017,日照港,已下载,3525
600022,山东钢铁,已下载,3525
600033,福建高速,已下载,3525
600037,歌华有线,已下载,3525
600055,万东医疗,已下载,3525
600056,中国医药,已下载,3525
600057,厦门象屿,已下载,3525
600058,五矿发展,已下载,3525
600059,古越龙山,已下载,3525
600063,皖维高新,已下载,3525
600064,南京高科,已下载,3525
600072,中船科技,已下载,3525
600075,新疆天业,已下载,3525
600094,大名城,已下载,3525
600113,浙江东日,已下载,3525
600114,东睦股份,已下载,3525
600116,三峡水利,已下载,3525
600120,浙江东方,已下载,3525
600123,兰花科创,已下载,3525
600129,太极集团,已下载,3525
600133,东湖高新,已下载,3525
600151,航天机电,已下载,3525
600155,华创云信,已下载,3525
600158,中体产业,已下载,3525
600163,中闽能源,已下载,3525
600167,联美控股,已下载,3525
600179,安通控股,已下载,3525
600184,光电股份,已下载,3525
600185,珠免集团,已下载,3525
600186,莲花控股,已下载,3525
600201,生物股份,已下载,3525
600206,有研新材,已下载,3525
600210,紫江企业,已下载,3525
600211,西藏药业,已下载,3525
600216,浙江医药,已下载,3525
600226,亨通股份,已下载,3525
600246,万通发展,已下载,3525
600248,陕建股份,已下载,3525
600252,中恒集团,已下载,3525
600258,首旅酒店,已下载,3525
600259,中稀有色,已下载,3525
600266,城建发展,已下载,3525
600267,海正药业,已下载,3525
600268,国电南自,已下载,3525
600269,赣粤高速,已下载,3525
600273,嘉化能源,已下载,3525
600285,羚锐制药,已下载,3525
600301,华锡有色,已下载,3525
600305,恒顺醋业,已下载,3525
600315,上海家化,已下载,3525
600320,振华重工,已下载,3525
600323,瀚蓝环境,已下载,3525
600325,华发股份,已下载,3525
600328,中盐化工,已下载,3525
600330,天通股份,已下载,3525
600331,宏达股份,已下载,3525
600335,国机汽车,已下载,3525
600338,西藏珠峰,已下载,3525
600345,长江通信,已下载,3525
600353,旭光电子,已下载,3525
600361,创新新材,已下载,3525
600366,宁波韵升,已下载,3525
600373,中文传媒,已下载,3525
600388,龙净环保,已下载,3525
600389,江山股份,已下载,3525
600391,航发科技,已下载,3525
600395,盘江股份,已下载,3525
600399,抚顺特钢,已下载,3525
600403,大有能源,已下载,3525
600409,三友化工,已下载,3525
600416,湘电股份,已下载,3525
600420,国药现代,已下载,3525
600422,昆药集团,已下载,3525
600428,中远海特,已下载,3525
600446,金证股份,已下载,3525
600452,涪陵电力,已下载,3525
600456,宝钛股份,已下载,3525
600458,时代新材,已下载,3525
600459,贵研铂业,已下载,3525
600461,洪城环境,已下载,3525
600475,华光环能,已下载,3525
600478,科力远,已下载,3525
600480,凌云股份,已下载,3525
600490,鹏欣资源,已下载,3525
600502,安徽建工,已下载,3525
600507,方大特钢,已下载,3525
600508,上海能源,已下载,3525
600509,天富能源,已下载,3525
600528,中铁工业,已下载,3525
600529,山东药玻,已下载,3525
600531,豫光金铅,已下载,3525
600550,保变电气,已下载,3525
600552,凯盛科技,已下载,3525
600556,天下秀,已下载,3525
600557,康缘药业,已下载,3525
600559,老白干酒,已下载,3525
600572,康恩贝,已下载,3525
600575,淮河能源,已下载,3525
600577,精达股份,已下载,3525
600587,新华医疗,已下载,3525
600596,新安股份,已下载,3525
600597,光明乳业,已下载,3525
600612,老凤祥,已下载,3525
600618,氯碱化工,已下载,3525
600619,海立股份,已下载,3525
600621,华鑫股份,已下载,3525
600623,华谊集团,已下载,3525
600629,华建集团,已下载,3525
600633,浙数文化,已下载,3525
600635,大众公用,已下载,3525
600639,浦东金桥,已下载,3525
600640,国脉文化,已下载,3525
600641,先导基电,已下载,3525
600643,爱建集团,已下载,3525
600645,中源协和,已下载,3525
600649,城投控股,已下载,3525
600651,飞乐音响,已下载,3525
600654,中安科,已下载,3525
600657,信达地产,已下载,3525
600662,外服控股,已下载,3525
600664,哈药股份,已下载,3525
600667,太极实业,已下载,3525
600675,中华企业,已下载,3525
600682,南京新百,已下载,3525
600686,金龙汽车,已下载,3525
600710,苏美达,已下载,3525
600717,天津港,已下载,3525
600718,东软集团,已下载,3525
600726,华电能源,已下载,3525
600728,佳都科技,已下载,3525
600729,重百集团,已下载,3525
600739,辽宁成大,已下载,3525
600740,山西焦化,已下载,3525
600744,华银电力,已下载,3525
600746,江苏索普,已下载,3525
600750,华润江中,已下载,3525
600751,海航科技,已下载,3525
600757,长江传媒,已下载,3525
600761,安徽合力,已下载,3525
600771,广誉远,已下载,3525
600773,西藏城投,已下载,3525
600776,东方通信,已下载,3525
600782,新钢股份,已下载,3525
600783,鲁信创投,已下载,3525
600787,中储股份,已下载,3525
600789,鲁抗医药,已下载,3525
600812,华北制药,已下载,3525
600821,金开新能,已下载,3525
600827,百联股份,已下载,3525
600835,上海机电,已下载,3525
600850,电科数字,已下载,3525
600859,王府井,已下载,3525
600864,哈投股份,已下载,3525
600866,星湖科技,已下载,3525
600867,通化东宝,已下载,3525
600869,远东股份,已下载,3525
600872,中炬高新,已下载,3525
600877,电科芯片,已下载,3525
600882,妙可蓝多,已下载,3525
600888,新疆众和,已下载,3525
600908,无锡银行,已下载,2377
600916,中国黄金,已下载,1313
600928,西安银行,已下载,1787
600929,雪天盐业,已下载,2013
600933,爱柯迪,已下载,2098
600956,新天绿能,已下载,1465
600961,株冶集团,已下载,3525
600963,岳阳林纸,已下载,3525
600971,恒源煤电,已下载,3525
600986,浙文互联,已下载,3525
600993,马应龙,已下载,3525
600996,贵广网络,已下载,2316
600997,开滦股份,已下载,3525
601003,柳钢股份,已下载,3525
601020,华钰矿业,已下载,2508
601022,宁波远洋,已下载,869
601026,道生天合,已下载,179
601033,永兴股份,已下载,598
601038,一拖股份,已下载,3381
601068,中铝国际,已下载,1904
601069,西部黄金,已下载,2786
601083,锦江航运,已下载,629
601089,福元医药,已下载,978
601096,宏盛华源,已下载,616
601101,昊华能源,已下载,3525
601107,四川成渝,已下载,3525
601126,四方股份,已下载,3525
601137,博威合金,已下载,3525
601187,厦门银行,已下载,1385
601200,上海环境,已下载,2253
601208,东材科技,已下载,3525
601222,林洋能源,已下载,3525
601311,骆驼股份,已下载,3525
601326,秦港股份,已下载,2160
601333,广深铁路,已下载,3525
601369,陕鼓动力,已下载,3525
601375,中原证券,已下载,2311
601519,大智慧,已下载,3525
601528,瑞丰银行,已下载,1223
601568,北元化工,已下载,1390
601595,上海电影,已下载,2402
601606,长城军工,已下载,1923
601609,金田股份,已下载,1508
601619,嘉泽新能,已下载,2179
601636,旗滨集团,已下载,3525
601677,明泰铝业,已下载,3525
601678,滨化股份,已下载,3525
601702,华峰铝业,已下载,1415
601777,千里科技,已下载,3525
601778,晶科科技,已下载,1492
601801,皖新传媒,已下载,3525
601858,中国科传,已下载,2300
601860,紫金银行,已下载,1823
601882,海天精工,已下载,2351
601890,亚星锚链,已下载,3525
601900,南方传媒,已下载,2530
601908,京运通,已下载,3525
601918,新集能源,已下载,3525
601921,浙版传媒,已下载,1203
601949,中国出版,已下载,2157
601952,苏垦农发,已下载,2225
601963,重庆银行,已下载,1313
601965,中国汽研,已下载,3422
601969,海南矿业,已下载,2816
601975,招商南油,已下载,1820
603005,晶方科技,已下载,3022
603009,北特科技,已下载,2912
603013,亚普股份,已下载,1985
603014,威高血净,已下载,281
603025,大豪科技,已下载,2728
603026,石大胜华,已下载,2702
603027,千禾味业,已下载,2515
603033,三维股份,已下载,2329
603039,泛微网络,已下载,2303
603043,广州酒家,已下载,2196
603055,台华新材,已下载,2134
603057,紫燕食品,已下载,917
603063,禾望电气,已下载,2173
603072,天和磁材,已下载,367
603083,剑桥科技,已下载,2103
603093,南华期货,已下载,1662
603099,长白山,已下载,2887
603100,川仪股份,已下载,2900
603103,横店影视,已下载,2124
603108,润达医疗,已下载,2704
603118,共进股份,已下载,2767
603124,江南新材,已下载,319
603127,昭衍新药,已下载,2153
603132,金徽股份,已下载,1064
603162,海通发展,已下载,796
603166,福达股份,已下载,2824
603169,兰石重装,已下载,2859
603171,税友股份,已下载,1220
603193,润本股份,已下载,664
603194,中力股份,已下载,374
603202,天有为,已下载,295
603218,日月股份,已下载,2314
603219,富佳股份,已下载,1124
603220,中贝通信,已下载,1856
603227,雪峰科技,已下载,2712
603236,移远通信,已下载,1695
603248,锡华科技,已下载,132
603267,鸿远电子,已下载,1738
603279,景津装备,已下载,1686
603283,赛腾股份,已下载,2072
603297,永新光学,已下载,1898
603299,苏盐井神,已下载,2556
603300,海南华铁,已下载,2702
603301,振德医疗,已下载,2002
603305,旭升集团,已下载,2187
603306,华懋科技,已下载,2863
603317,天味食品,已下载,1756
603319,美湖股份,已下载,2334
603323,苏农银行,已下载,2335
603327,福蓉科技,已下载,1732
603328,依顿电子,已下载,2925
603337,杰克科技,已下载,2299
603355,莱克电气,已下载,2714
603358,华达科技,已下载,2295
603360,百傲化学,已下载,2292
603376,大明电子,已下载,165
603393,新天然气,已下载,2384
603395,红四方,已下载,394
603402,陕西旅游,已下载,124
603406,天富龙,已下载,223
603418,友升股份,已下载,191
603456,九洲药业,已下载,2858
603477,巨星农牧,已下载,2077
603496,恒为科技,已下载,2210
603505,金石资源,已下载,2233
603508,思维列控,已下载,2561
603516,淳中科技,已下载,2044
603530,神马电力,已下载,1681
603533,掌阅科技,已下载,2134
603556,海兴电力,已下载,2348
603567,珍宝岛,已下载,2726
603583,捷昌驱动,已下载,1889
603588,高能环境,已下载,2802
603599,广信股份,已下载,2714
603612,索通发展,已下载,2181
603613,国联股份,已下载,1685
603619,中曼石油,已下载,2098
603638,艾迪精密,已下载,2298
603662,柯力传感,已下载,1680
603663,三祥新材,已下载,2414
603667,五洲新春,已下载,2360
603678,火炬电子,已下载,2784
603690,至纯科技,已下载,2303
603693,江苏新能,已下载,1947
603698,航天工程,已下载,2782
603707,健友股份,已下载,2180
603713,密尔克卫,已下载,1939
603730,岱美股份,已下载,2173
603733,仙鹤股份,已下载,1996
603809,豪能股份,已下载,2091
603826,坤彩科技,已下载,2245
603866,桃李面包,已下载,2563
603871,嘉友国际,已下载,2042
603876,鼎胜新材,已下载,1998
603881,数据港,已下载,2290
603883,老百姓,已下载,2727
603887,城地香江,已下载,2371
603888,新华网,已下载,2357
603915,国茂股份,已下载,1717
603919,金徽酒,已下载,2512
603927,中科软,已下载,1656
603929,亚翔集成,已下载,2312
603950,长源东谷,已下载,1487
603983,丸美生物,已下载,1688
603992,松霖科技,已下载,1666
603997,继峰股份,已下载,2764
605011,杭州热电,已下载,1220
605020,永和股份,已下载,1213
605090,九丰能源,已下载,1245
605099,共创草坪,已下载,1398
605111,新洁能,已下载,1400
605116,奥锐特,已下载,1405
605118,力鼎光电,已下载,1442
605123,派克新材,已下载,1424
605196,华通线缆,已下载,1255
605198,安德利,已下载,1406
605296,神农集团,已下载,1242
605333,沪光股份,已下载,1429
605376,博迁新材,已下载,1355
605507,国邦医药,已下载,1197
605555,德昌股份,已下载,1146
605599,菜百股份,已下载,1169
688001,华兴源创,已下载,1691
688003,天准科技,已下载,1691
688005,容百科技,已下载,1691
688006,杭可科技,已下载,1691
688016,心脉医疗,已下载,1691
688025,杰普特,已下载,1624
688029,南微医学,已下载,1691
688031,星环科技,已下载,906
688032,禾迈股份,已下载,1104
688048,长光华芯,已下载,1036
688050,爱博医疗,已下载,1443
688062,迈威生物,已下载,1084
688063,派能科技,已下载,1339
688068,热景生物,已下载,1642
688083,中望软件,已下载,1294
688088,虹软科技,已下载,1691
688091,上海谊众,已下载,1169
688097,博众精工,已下载,1254
688100,威胜信息,已下载,1567
688102,斯瑞新材,已下载,1048
688106,金宏气体,已下载,1472
688107,安路科技,已下载,1130
688110,东芯股份,已下载,1110
688116,天奈科技,已下载,1645
688123,聚辰股份,已下载,1587
688127,蓝特光学,已下载,1405
688128,中国电研,已下载,1621
688131,皓元医药,已下载,1235
688139,海尔生物,已下载,1628
688141,杰华特,已下载,858
688146,中船特气,已下载,780
688147,微导纳米,已下载,858
688150,莱特光电,已下载,1046
688153,唯捷创芯,已下载,1031
688158,优刻得,已下载,1568
688165,埃夫特,已下载,1453
688167,炬光科技,已下载,1100
688177,百奥泰,已下载,1550
688182,灿勤科技,已下载,1128
688190,云路股份,已下载,1120
688195,腾景科技,已下载,1283
688205,德科立,已下载,950
688206,概伦电子,已下载,1098
688208,道通科技,已下载,1556
688232,新点软件,已下载,1127
688252,天德钰,已下载,916
688262,国芯科技,已下载,1092
688279,峰岹科技,已下载,1025
688289,圣湘生物,已下载,1421
688300,联瑞新材,已下载,1613
688306,均普智能,已下载,1044
688321,微芯生物,已下载,1676
688326,经纬恒润,已下载,1026
688327,云从科技,已下载,1001
688332,中科蓝讯,已下载,967
688333,铂力特,已下载,1691
688351,微电生理,已下载,934
688352,颀中科技,已下载,781
688353,华盛锂电,已下载,969
688362,甬矽电子,已下载,885
688368,晶丰明源,已下载,1637
688372,伟测科技,已下载,900
688380,中微半导,已下载,952
688382,益方生物,已下载,961
688388,嘉元科技,已下载,1691
688390,固德威,已下载,1416
688392,骄成超声,已下载,916
688400,凌云光,已下载,974
688403,汇成股份,已下载,943
688408,中信博,已下载,1421
688409,富创精密,已下载,912
688432,有研硅,已下载,889
688433,华曙高科,已下载,784
688439,振华风光,已下载,937
688443,智翔金泰,已下载,741
688449,联芸科技,已下载,391
688484,南芯科技,已下载,790
688486,龙迅股份,已下载,822
688502,茂莱光学,已下载,810
688503,聚和材料,已下载,868
688515,裕太微,已下载,829
688516,奥特维,已下载,1490
688519,南亚新材,已下载,1429
688522,纳睿雷达,已下载,816
688523,航天环宇,已下载,753
688531,日联科技,已下载,794
688536,思瑞浦,已下载,1405
688543,国科军工,已下载,740
688545,兴福电子,已下载,354
688548,广钢气体,已下载,703
688549,中巨芯,已下载,685
688552,航天南湖,已下载,764
688559,海目星,已下载,1413
688567,孚能科技,已下载,1451
688584,上海合晶,已下载,583
688586,江航装备,已下载,1441
688591,泰凌微,已下载,695
688593,新相微,已下载,754
688596,正帆科技,已下载,1427
688605,先锋精科,已下载,382
688612,威迈斯,已下载,717
688627,精智达,已下载,723
688630,芯碁微装,已下载,1279
688631,莱斯信息,已下载,737
688639,华恒生物,已下载,1265
688652,京仪装备,已下载,633
688658,悦康药业,已下载,1343
688660,电气风电,已下载,1249
688668,鼎通科技,已下载,1346
688686,奥普特,已下载,1338
688690,纳微科技,已下载,1225
688691,灿芯股份,已下载,546
688698,伟创电气,已下载,1340
688700,东威科技,已下载,1231
688717,艾罗能源,已下载,609
688726,拉普拉斯,已下载,414
688766,普冉股份,已下载,1182
688776,国光电气,已下载,1176
688779,五矿新能,已下载,1190
688789,宏华数科,已下载,1214
688798,艾为电子,已下载,1187
688800,瑞可达,已下载,1204
